DATAFLOW,LAST UPDATE,freq,field,sex,unit,geo,TIME_PERIOD,OBS_VALUE,OBS_FLAG,CONF_STATUS
ESTAT:SDG_04_40(1.0),14-12-2023 11.00,Annual,Reading,Total,Percentage,Albania,2000,70.4,,
ESTAT:SDG_04_40(1.0),14-12-2023 11.00,Annual,Mathematics,Total,Percentage,Albania,2009,67.7,,
ESTAT:SDG_04_40(1.0),14-12-2023 11.00,Annual,Reading,Total,Percentage,Albania,2009,56.7,b,
ESTAT:SDG_04_40(1.0),14-12-2023 11.00,Annual,Science,Total,Percentage,Albania,2009,57.3,,
ESTAT:SDG_04_40(1.0),14-12-2023 11.00,Annual,Mathematics,Total,Percentage,Albania,2012,60.7,,
ESTAT:SDG_04_40(1.0),14-12-2023 11.00,Annual,Reading,Total,Percentage,Albania,2012,52.3,,
ESTAT:SDG_04_40(1.0),14-12-2023 11.00,Annual,Science,Total,Percentage,Albania,2012,53.1,,
ESTAT:SDG_04_40(1.0),14-12-2023 11.00,Annual,Mathematics,Total,Percentage,Albania,2015,53.3,,
ESTAT:SDG_04_40(1.0),14-12-2023 11.00,Annual,Reading,Total,Percentage,Albania,2015,50.3,,
ESTAT:SDG_04_40(1.0),14-12-2023 11.00,Annual,Science,Total,Percentage,Albania,2015,41.7,,
ESTAT:SDG_04_40(1.0),14-12-2023 11.00,Annual,Mathematics,Total,Percentage,Albania,2018,42.4,,
ESTAT:SDG_04_40(1.0),14-12-2023 11.00,Annual,Reading,Total,Percentage,Albania,2018,52.2,b,
ESTAT:SDG_04_40(1.0),14-12-2023 11.00,Annual,Science,Total,Percentage,Albania,2018,47,,
ESTAT:SDG_04_40(1.0),14-12-2023 11.00,Annual,Mathematics,Total,Percentage,Albania,2022,73.9,,
ESTAT:SDG_04_40(1.0),14-12-2023 11.00,Annual,Reading,Total,Percentage,Albania,2022,73.7,,
ESTAT:SDG_04_40(1.0),14-12-2023 11.00,Annual,Science,Total,Percentage,Albania,2022,67.4,,
ESTAT:SDG_04_40(1.0),14-12-2023 11.00,Annual,Reading,Total,Percentage,Austria,2000,19.3,,
ESTAT:SDG_04_40(1.0),14-12-2023 11.00,Annual,Mathematics,Total,Percentage,Austria,2003,18.8,,
ESTAT:SDG_04_40(1.0),14-12-2023 11.00,Annual,Reading,Total,Percentage,Austria,2003,20.7,,
ESTAT:SDG_04_40(1.0),14-12-2023 11.00,Annual,Mathematics,Total,Percentage,Austria,2006,20.1,,
ESTAT:SDG_04_40(1.0),14-12-2023 11.00,Annual,Reading,Total,Percentage,Austria,2006,21.5,,
ESTAT:SDG_04_40(1.0),14-12-2023 11.00,Annual,Science,Total,Percentage,Austria,2006,16.3,,
ESTAT:SDG_04_40(1.0),14-12-2023 11.00,Annual,Reading,Total,Percentage,Austria,2009,,b,
ESTAT:SDG_04_40(1.0),14-12-2023 11.00,Annual,Mathematics,Total,Percentage,Austria,2012,18.7,,
ESTAT:SDG_04_40(1.0),14-12-2023 11.00,Annual,Reading,Total,Percentage,Austria,2012,19.5,,
ESTAT:SDG_04_40(1.0),14-12-2023 11.00,Annual,Science,Total,Percentage,Austria,2012,15.8,,
ESTAT:SDG_04_40(1.0),14-12-2023 11.00,Annual,Mathematics,Total,Percentage,Austria,2015,21.8,,
ESTAT:SDG_04_40(1.0),14-12-2023 11.00,Annual,Reading,Total,Percentage,Austria,2015,22.5,,
ESTAT:SDG_04_40(1.0),14-12-2023 11.00,Annual,Science,Total,Percentage,Austria,2015,20.8,,
ESTAT:SDG_04_40(1.0),14-12-2023 11.00,Annual,Mathematics,Total,Percentage,Austria,2018,21.1,,
ESTAT:SDG_04_40(1.0),14-12-2023 11.00,Annual,Reading,Total,Percentage,Austria,2018,23.6,b,
ESTAT:SDG_04_40(1.0),14-12-2023 11.00,Annual,Science,Total,Percentage,Austria,2018,21.9,,
ESTAT:SDG_04_40(1.0),14-12-2023 11.00,Annual,Mathematics,Total,Percentage,Austria,2022,24.9,,
ESTAT:SDG_04_40(1.0),14-12-2023 11.00,Annual,Reading,Total,Percentage,Austria,2022,25.3,,
ESTAT:SDG_04_40(1.0),14-12-2023 11.00,Annual,Science,Total,Percentage,Austria,2022,22.7,,
ESTAT:SDG_04_40(1.0),14-12-2023 11.00,Annual,Reading,Total,Percentage,Belgium,2000,19,,
ESTAT:SDG_04_40(1.0),14-12-2023 11.00,Annual,Mathematics,Total,Percentage,Belgium,2003,16.5,,
ESTAT:SDG_04_40(1.0),14-12-2023 11.00,Annual,Reading,Total,Percentage,Belgium,2003,17.9,,
ESTAT:SDG_04_40(1.0),14-12-2023 11.00,Annual,Mathematics,Total,Percentage,Belgium,2006,17.5,,
ESTAT:SDG_04_40(1.0),14-12-2023 11.00,Annual,Reading,Total,Percentage,Belgium,2006,19.4,,
ESTAT:SDG_04_40(1.0),14-12-2023 11.00,Annual,Science,Total,Percentage,Belgium,2006,17,,
ESTAT:SDG_04_40(1.0),14-12-2023 11.00,Annual,Mathematics,Total,Percentage,Belgium,2009,19.1,,
ESTAT:SDG_04_40(1.0),14-12-2023 11.00,Annual,Reading,Total,Percentage,Belgium,2009,17.7,b,
ESTAT:SDG_04_40(1.0),14-12-2023 11.00,Annual,Science,Total,Percentage,Belgium,2009,18,,
ESTAT:SDG_04_40(1.0),14-12-2023 11.00,Annual,Mathematics,Total,Percentage,Belgium,2012,19,,
ESTAT:SDG_04_40(1.0),14-12-2023 11.00,Annual,Reading,Total,Percentage,Belgium,2012,16.1,,
ESTAT:SDG_04_40(1.0),14-12-2023 11.00,Annual,Science,Total,Percentage,Belgium,2012,17.7,,
ESTAT:SDG_04_40(1.0),14-12-2023 11.00,Annual,Mathematics,Total,Percentage,Belgium,2015,20.1,,
ESTAT:SDG_04_40(1.0),14-12-2023 11.00,Annual,Reading,Total,Percentage,Belgium,2015,19.5,,
ESTAT:SDG_04_40(1.0),14-12-2023 11.00,Annual,Science,Total,Percentage,Belgium,2015,19.8,,
ESTAT:SDG_04_40(1.0),14-12-2023 11.00,Annual,Mathematics,Total,Percentage,Belgium,2018,19.7,,
ESTAT:SDG_04_40(1.0),14-12-2023 11.00,Annual,Reading,Total,Percentage,Belgium,2018,21.3,b,
ESTAT:SDG_04_40(1.0),14-12-2023 11.00,Annual,Science,Total,Percentage,Belgium,2018,20,,
ESTAT:SDG_04_40(1.0),14-12-2023 11.00,Annual,Mathematics,Total,Percentage,Belgium,2022,25,,
ESTAT:SDG_04_40(1.0),14-12-2023 11.00,Annual,Reading,Total,Percentage,Belgium,2022,25.3,,
ESTAT:SDG_04_40(1.0),14-12-2023 11.00,Annual,Science,Total,Percentage,Belgium,2022,22.4,,
ESTAT:SDG_04_40(1.0),14-12-2023 11.00,Annual,Reading,Total,Percentage,Bulgaria,2000,40.3,,
ESTAT:SDG_04_40(1.0),14-12-2023 11.00,Annual,Mathematics,Total,Percentage,Bulgaria,2006,53.4,,
ESTAT:SDG_04_40(1.0),14-12-2023 11.00,Annual,Reading,Total,Percentage,Bulgaria,2006,51.1,,
ESTAT:SDG_04_40(1.0),14-12-2023 11.00,Annual,Science,Total,Percentage,Bulgaria,2006,42.6,,
ESTAT:SDG_04_40(1.0),14-12-2023 11.00,Annual,Mathematics,Total,Percentage,Bulgaria,2009,47.1,,
ESTAT:SDG_04_40(1.0),14-12-2023 11.00,Annual,Reading,Total,Percentage,Bulgaria,2009,41,b,
ESTAT:SDG_04_40(1.0),14-12-2023 11.00,Annual,Science,Total,Percentage,Bulgaria,2009,38.8,,
ESTAT:SDG_04_40(1.0),14-12-2023 11.00,Annual,Mathematics,Total,Percentage,Bulgaria,2012,43.8,,
ESTAT:SDG_04_40(1.0),14-12-2023 11.00,Annual,Reading,Total,Percentage,Bulgaria,2012,39.4,,
ESTAT:SDG_04_40(1.0),14-12-2023 11.00,Annual,Science,Total,Percentage,Bulgaria,2012,36.9,,
ESTAT:SDG_04_40(1.0),14-12-2023 11.00,Annual,Mathematics,Total,Percentage,Bulgaria,2015,42.1,,
ESTAT:SDG_04_40(1.0),14-12-2023 11.00,Annual,Reading,Total,Percentage,Bulgaria,2015,41.5,,
ESTAT:SDG_04_40(1.0),14-12-2023 11.00,Annual,Science,Total,Percentage,Bulgaria,2015,37.9,,
ESTAT:SDG_04_40(1.0),14-12-2023 11.00,Annual,Mathematics,Total,Percentage,Bulgaria,2018,44.4,,
ESTAT:SDG_04_40(1.0),14-12-2023 11.00,Annual,Reading,Total,Percentage,Bulgaria,2018,47.1,b,
ESTAT:SDG_04_40(1.0),14-12-2023 11.00,Annual,Science,Total,Percentage,Bulgaria,2018,46.5,,
ESTAT:SDG_04_40(1.0),14-12-2023 11.00,Annual,Mathematics,Total,Percentage,Bulgaria,2022,53.6,,
ESTAT:SDG_04_40(1.0),14-12-2023 11.00,Annual,Reading,Total,Percentage,Bulgaria,2022,52.9,,
ESTAT:SDG_04_40(1.0),14-12-2023 11.00,Annual,Science,Total,Percentage,Bulgaria,2022,48,,
ESTAT:SDG_04_40(1.0),14-12-2023 11.00,Annual,Mathematics,Total,Percentage,Croatia,2006,28.7,,
ESTAT:SDG_04_40(1.0),14-12-2023 11.00,Annual,Reading,Total,Percentage,Croatia,2006,21.5,,
ESTAT:SDG_04_40(1.0),14-12-2023 11.00,Annual,Science,Total,Percentage,Croatia,2006,17,,
ESTAT:SDG_04_40(1.0),14-12-2023 11.00,Annual,Mathematics,Total,Percentage,Croatia,2009,33.2,,
ESTAT:SDG_04_40(1.0),14-12-2023 11.00,Annual,Reading,Total,Percentage,Croatia,2009,22.4,b,
ESTAT:SDG_04_40(1.0),14-12-2023 11.00,Annual,Science,Total,Percentage,Croatia,2009,18.5,,
ESTAT:SDG_04_40(1.0),14-12-2023 11.00,Annual,Mathematics,Total,Percentage,Croatia,2012,29.9,,
ESTAT:SDG_04_40(1.0),14-12-2023 11.00,Annual,Reading,Total,Percentage,Croatia,2012,18.7,,
ESTAT:SDG_04_40(1.0),14-12-2023 11.00,Annual,Science,Total,Percentage,Croatia,2012,17.3,,
ESTAT:SDG_04_40(1.0),14-12-2023 11.00,Annual,Mathematics,Total,Percentage,Croatia,2015,32,,
ESTAT:SDG_04_40(1.0),14-12-2023 11.00,Annual,Reading,Total,Percentage,Croatia,2015,19.9,,
ESTAT:SDG_04_40(1.0),14-12-2023 11.00,Annual,Science,Total,Percentage,Croatia,2015,24.6,,
ESTAT:SDG_04_40(1.0),14-12-2023 11.00,Annual,Mathematics,Total,Percentage,Croatia,2018,31.2,,
ESTAT:SDG_04_40(1.0),14-12-2023 11.00,Annual,Reading,Total,Percentage,Croatia,2018,21.6,b,
ESTAT:SDG_04_40(1.0),14-12-2023 11.00,Annual,Science,Total,Percentage,Croatia,2018,25.4,,
ESTAT:SDG_04_40(1.0),14-12-2023 11.00,Annual,Mathematics,Total,Percentage,Croatia,2022,32.9,,
ESTAT:SDG_04_40(1.0),14-12-2023 11.00,Annual,Reading,Total,Percentage,Croatia,2022,22.7,,
ESTAT:SDG_04_40(1.0),14-12-2023 11.00,Annual,Science,Total,Percentage,Croatia,2022,22.4,,
ESTAT:SDG_04_40(1.0),14-12-2023 11.00,Annual,Reading,Total,Percentage,Cyprus,2009,,b,
ESTAT:SDG_04_40(1.0),14-12-2023 11.00,Annual,Mathematics,Total,Percentage,Cyprus,2012,42,,
ESTAT:SDG_04_40(1.0),14-12-2023 11.00,Annual,Reading,Total,Percentage,Cyprus,2012,32.8,,
ESTAT:SDG_04_40(1.0),14-12-2023 11.00,Annual,Science,Total,Percentage,Cyprus,2012,38,,
ESTAT:SDG_04_40(1.0),14-12-2023 11.00,Annual,Mathematics,Total,Percentage,Cyprus,2015,42.6,,
ESTAT:SDG_04_40(1.0),14-12-2023 11.00,Annual,Reading,Total,Percentage,Cyprus,2015,35.6,,
ESTAT:SDG_04_40(1.0),14-12-2023 11.00,Annual,Science,Total,Percentage,Cyprus,2015,42.1,,
ESTAT:SDG_04_40(1.0),14-12-2023 11.00,Annual,Mathematics,Total,Percentage,Cyprus,2018,36.9,,
ESTAT:SDG_04_40(1.0),14-12-2023 11.00,Annual,Reading,Total,Percentage,Cyprus,2018,43.7,b,
ESTAT:SDG_04_40(1.0),14-12-2023 11.00,Annual,Science,Total,Percentage,Cyprus,2018,39,,
ESTAT:SDG_04_40(1.0),14-12-2023 11.00,Annual,Mathematics,Total,Percentage,Cyprus,2022,53.2,,
ESTAT:SDG_04_40(1.0),14-12-2023 11.00,Annual,Reading,Total,Percentage,Cyprus,2022,60.6,,
ESTAT:SDG_04_40(1.0),14-12-2023 11.00,Annual,Science,Total,Percentage,Cyprus,2022,51.8,,
ESTAT:SDG_04_40(1.0),14-12-2023 11.00,Annual,Reading,Total,Percentage,Czechia,2000,17.5,,
ESTAT:SDG_04_40(1.0),14-12-2023 11.00,Annual,Mathematics,Total,Percentage,Czechia,2003,16.6,,
ESTAT:SDG_04_40(1.0),14-12-2023 11.00,Annual,Reading,Total,Percentage,Czechia,2003,19.3,,
ESTAT:SDG_04_40(1.0),14-12-2023 11.00,Annual,Mathematics,Total,Percentage,Czechia,2006,19.3,,
ESTAT:SDG_04_40(1.0),14-12-2023 11.00,Annual,Reading,Total,Percentage,Czechia,2006,24.8,,
ESTAT:SDG_04_40(1.0),14-12-2023 11.00,Annual,Science,Total,Percentage,Czechia,2006,15.5,,
ESTAT:SDG_04_40(1.0),14-12-2023 11.00,Annual,Mathematics,Total,Percentage,Czechia,2009,22.4,,
ESTAT:SDG_04_40(1.0),14-12-2023 11.00,Annual,Reading,Total,Percentage,Czechia,2009,23.1,b,
ESTAT:SDG_04_40(1.0),14-12-2023 11.00,Annual,Science,Total,Percentage,Czechia,2009,17.3,,
ESTAT:SDG_04_40(1.0),14-12-2023 11.00,Annual,Mathematics,Total,Percentage,Czechia,2012,21,,
ESTAT:SDG_04_40(1.0),14-12-2023 11.00,Annual,Reading,Total,Percentage,Czechia,2012,16.9,,
ESTAT:SDG_04_40(1.0),14-12-2023 11.00,Annual,Science,Total,Percentage,Czechia,2012,13.8,,
ESTAT:SDG_04_40(1.0),14-12-2023 11.00,Annual,Mathematics,Total,Percentage,Czechia,2015,21.7,,
ESTAT:SDG_04_40(1.0),14-12-2023 11.00,Annual,Reading,Total,Percentage,Czechia,2015,22,,
ESTAT:SDG_04_40(1.0),14-12-2023 11.00,Annual,Science,Total,Percentage,Czechia,2015,20.7,,
ESTAT:SDG_04_40(1.0),14-12-2023 11.00,Annual,Mathematics,Total,Percentage,Czechia,2018,20.4,,
ESTAT:SDG_04_40(1.0),14-12-2023 11.00,Annual,Reading,Total,Percentage,Czechia,2018,20.7,b,
ESTAT:SDG_04_40(1.0),14-12-2023 11.00,Annual,Science,Total,Percentage,Czechia,2018,18.8,,
ESTAT:SDG_04_40(1.0),14-12-2023 11.00,Annual,Mathematics,Total,Percentage,Czechia,2022,25.5,,
ESTAT:SDG_04_40(1.0),14-12-2023 11.00,Annual,Reading,Total,Percentage,Czechia,2022,21.3,,
ESTAT:SDG_04_40(1.0),14-12-2023 11.00,Annual,Science,Total,Percentage,Czechia,2022,19.9,,
ESTAT:SDG_04_40(1.0),14-12-2023 11.00,Annual,Reading,Total,Percentage,Denmark,2000,17.9,,
ESTAT:SDG_04_40(1.0),14-12-2023 11.00,Annual,Mathematics,Total,Percentage,Denmark,2003,15.4,,
ESTAT:SDG_04_40(1.0),14-12-2023 11.00,Annual,Reading,Total,Percentage,Denmark,2003,16.5,,
ESTAT:SDG_04_40(1.0),14-12-2023 11.00,Annual,Mathematics,Total,Percentage,Denmark,2006,13.7,,
ESTAT:SDG_04_40(1.0),14-12-2023 11.00,Annual,Reading,Total,Percentage,Denmark,2006,16,,
ESTAT:SDG_04_40(1.0),14-12-2023 11.00,Annual,Science,Total,Percentage,Denmark,2006,18.4,,
ESTAT:SDG_04_40(1.0),14-12-2023 11.00,Annual,Mathematics,Total,Percentage,Denmark,2009,17.1,,
ESTAT:SDG_04_40(1.0),14-12-2023 11.00,Annual,Reading,Total,Percentage,Denmark,2009,15.2,b,
ESTAT:SDG_04_40(1.0),14-12-2023 11.00,Annual,Science,Total,Percentage,Denmark,2009,16.6,,
ESTAT:SDG_04_40(1.0),14-12-2023 11.00,Annual,Mathematics,Total,Percentage,Denmark,2012,16.8,,
ESTAT:SDG_04_40(1.0),14-12-2023 11.00,Annual,Reading,Total,Percentage,Denmark,2012,14.6,,
ESTAT:SDG_04_40(1.0),14-12-2023 11.00,Annual,Science,Total,Percentage,Denmark,2012,16.7,,
ESTAT:SDG_04_40(1.0),14-12-2023 11.00,Annual,Mathematics,Total,Percentage,Denmark,2015,13.6,,
ESTAT:SDG_04_40(1.0),14-12-2023 11.00,Annual,Reading,Total,Percentage,Denmark,2015,15,,
ESTAT:SDG_04_40(1.0),14-12-2023 11.00,Annual,Science,Total,Percentage,Denmark,2015,15.9,,
ESTAT:SDG_04_40(1.0),14-12-2023 11.00,Annual,Mathematics,Total,Percentage,Denmark,2018,14.6,,
ESTAT:SDG_04_40(1.0),14-12-2023 11.00,Annual,Reading,Total,Percentage,Denmark,2018,16,b,
ESTAT:SDG_04_40(1.0),14-12-2023 11.00,Annual,Science,Total,Percentage,Denmark,2018,18.7,,
ESTAT:SDG_04_40(1.0),14-12-2023 11.00,Annual,Mathematics,Total,Percentage,Denmark,2022,20.4,,
ESTAT:SDG_04_40(1.0),14-12-2023 11.00,Annual,Reading,Total,Percentage,Denmark,2022,19,,
ESTAT:SDG_04_40(1.0),14-12-2023 11.00,Annual,Science,Total,Percentage,Denmark,2022,19.5,,
ESTAT:SDG_04_40(1.0),14-12-2023 11.00,Annual,Mathematics,Total,Percentage,Estonia,2006,12.1,,
ESTAT:SDG_04_40(1.0),14-12-2023 11.00,Annual,Reading,Total,Percentage,Estonia,2006,13.6,,
ESTAT:SDG_04_40(1.0),14-12-2023 11.00,Annual,Science,Total,Percentage,Estonia,2006,7.7,,
ESTAT:SDG_04_40(1.0),14-12-2023 11.00,Annual,Mathematics,Total,Percentage,Estonia,2009,12.7,,
ESTAT:SDG_04_40(1.0),14-12-2023 11.00,Annual,Reading,Total,Percentage,Estonia,2009,13.3,b,
ESTAT:SDG_04_40(1.0),14-12-2023 11.00,Annual,Science,Total,Percentage,Estonia,2009,8.3,,
ESTAT:SDG_04_40(1.0),14-12-2023 11.00,Annual,Mathematics,Total,Percentage,Estonia,2012,10.5,,
ESTAT:SDG_04_40(1.0),14-12-2023 11.00,Annual,Reading,Total,Percentage,Estonia,2012,9.1,,
ESTAT:SDG_04_40(1.0),14-12-2023 11.00,Annual,Science,Total,Percentage,Estonia,2012,5,,
ESTAT:SDG_04_40(1.0),14-12-2023 11.00,Annual,Mathematics,Total,Percentage,Estonia,2015,11.2,,
ESTAT:SDG_04_40(1.0),14-12-2023 11.00,Annual,Reading,Total,Percentage,Estonia,2015,10.6,,
ESTAT:SDG_04_40(1.0),14-12-2023 11.00,Annual,Science,Total,Percentage,Estonia,2015,8.8,,
ESTAT:SDG_04_40(1.0),14-12-2023 11.00,Annual,Mathematics,Total,Percentage,Estonia,2018,10.2,,
ESTAT:SDG_04_40(1.0),14-12-2023 11.00,Annual,Reading,Total,Percentage,Estonia,2018,11.1,b,
ESTAT:SDG_04_40(1.0),14-12-2023 11.00,Annual,Science,Total,Percentage,Estonia,2018,8.8,,
ESTAT:SDG_04_40(1.0),14-12-2023 11.00,Annual,Mathematics,Total,Percentage,Estonia,2022,15,,
ESTAT:SDG_04_40(1.0),14-12-2023 11.00,Annual,Reading,Total,Percentage,Estonia,2022,13.8,,
ESTAT:SDG_04_40(1.0),14-12-2023 11.00,Annual,Science,Total,Percentage,Estonia,2022,10.1,,
ESTAT:SDG_04_40(1.0),14-12-2023 11.00,Annual,Mathematics,Total,Percentage,European Union - 27 countries (from 2020),2006,24.7,,
ESTAT:SDG_04_40(1.0),14-12-2023 11.00,Annual,Reading,Total,Percentage,European Union - 27 countries (from 2020),2006,23.7,,
ESTAT:SDG_04_40(1.0),14-12-2023 11.00,Annual,Science,Total,Percentage,European Union - 27 countries (from 2020),2006,20.8,,
ESTAT:SDG_04_40(1.0),14-12-2023 11.00,Annual,Mathematics,Total,Percentage,European Union - 27 countries (from 2020),2009,22.7,,
ESTAT:SDG_04_40(1.0),14-12-2023 11.00,Annual,Reading,Total,Percentage,European Union - 27 countries (from 2020),2009,19.7,b,
ESTAT:SDG_04_40(1.0),14-12-2023 11.00,Annual,Science,Total,Percentage,European Union - 27 countries (from 2020),2009,18.2,,
ESTAT:SDG_04_40(1.0),14-12-2023 11.00,Annual,Mathematics,Total,Percentage,European Union - 27 countries (from 2020),2012,22.1,,
ESTAT:SDG_04_40(1.0),14-12-2023 11.00,Annual,Reading,Total,Percentage,European Union - 27 countries (from 2020),2012,18,,
ESTAT:SDG_04_40(1.0),14-12-2023 11.00,Annual,Science,Total,Percentage,European Union - 27 countries (from 2020),2012,16.8,,
ESTAT:SDG_04_40(1.0),14-12-2023 11.00,Annual,Mathematics,Total,Percentage,European Union - 27 countries (from 2020),2015,22.2,,
ESTAT:SDG_04_40(1.0),14-12-2023 11.00,Annual,Reading,Total,Percentage,European Union - 27 countries (from 2020),2015,20,,
ESTAT:SDG_04_40(1.0),14-12-2023 11.00,Annual,Science,Total,Percentage,European Union - 27 countries (from 2020),2015,21.1,,
ESTAT:SDG_04_40(1.0),14-12-2023 11.00,Annual,Mathematics,Total,Percentage,European Union - 27 countries (from 2020),2018,22.9,,
ESTAT:SDG_04_40(1.0),14-12-2023 11.00,Annual,Reading,Total,Percentage,European Union - 27 countries (from 2020),2018,22.5,b,
ESTAT:SDG_04_40(1.0),14-12-2023 11.00,Annual,Science,Total,Percentage,European Union - 27 countries (from 2020),2018,22.3,,
ESTAT:SDG_04_40(1.0),14-12-2023 11.00,Annual,Mathematics,Total,Percentage,European Union - 27 countries (from 2020),2022,29.5,,
ESTAT:SDG_04_40(1.0),14-12-2023 11.00,Annual,Reading,Total,Percentage,European Union - 27 countries (from 2020),2022,26.2,,
ESTAT:SDG_04_40(1.0),14-12-2023 11.00,Annual,Science,Total,Percentage,European Union - 27 countries (from 2020),2022,24.2,,
ESTAT:SDG_04_40(1.0),14-12-2023 11.00,Annual,Reading,Total,Percentage,Finland,2000,7,,
ESTAT:SDG_04_40(1.0),14-12-2023 11.00,Annual,Mathematics,Total,Percentage,Finland,2003,6.8,,
ESTAT:SDG_04_40(1.0),14-12-2023 11.00,Annual,Reading,Total,Percentage,Finland,2003,5.7,,
ESTAT:SDG_04_40(1.0),14-12-2023 11.00,Annual,Mathematics,Total,Percentage,Finland,2006,6,,
ESTAT:SDG_04_40(1.0),14-12-2023 11.00,Annual,Reading,Total,Percentage,Finland,2006,4.8,,
ESTAT:SDG_04_40(1.0),14-12-2023 11.00,Annual,Science,Total,Percentage,Finland,2006,4.1,,
ESTAT:SDG_04_40(1.0),14-12-2023 11.00,Annual,Mathematics,Total,Percentage,Finland,2009,7.9,,
ESTAT:SDG_04_40(1.0),14-12-2023 11.00,Annual,Reading,Total,Percentage,Finland,2009,8.1,b,
ESTAT:SDG_04_40(1.0),14-12-2023 11.00,Annual,Science,Total,Percentage,Finland,2009,6,,
ESTAT:SDG_04_40(1.0),14-12-2023 11.00,Annual,Mathematics,Total,Percentage,Finland,2012,12.3,,
ESTAT:SDG_04_40(1.0),14-12-2023 11.00,Annual,Reading,Total,Percentage,Finland,2012,11.3,,
ESTAT:SDG_04_40(1.0),14-12-2023 11.00,Annual,Science,Total,Percentage,Finland,2012,7.7,,
ESTAT:SDG_04_40(1.0),14-12-2023 11.00,Annual,Mathematics,Total,Percentage,Finland,2015,13.6,,
ESTAT:SDG_04_40(1.0),14-12-2023 11.00,Annual,Reading,Total,Percentage,Finland,2015,11.1,,
ESTAT:SDG_04_40(1.0),14-12-2023 11.00,Annual,Science,Total,Percentage,Finland,2015,11.5,,
ESTAT:SDG_04_40(1.0),14-12-2023 11.00,Annual,Mathematics,Total,Percentage,Finland,2018,15,,
ESTAT:SDG_04_40(1.0),14-12-2023 11.00,Annual,Reading,Total,Percentage,Finland,2018,13.5,b,
ESTAT:SDG_04_40(1.0),14-12-2023 11.00,Annual,Science,Total,Percentage,Finland,2018,12.9,,
ESTAT:SDG_04_40(1.0),14-12-2023 11.00,Annual,Mathematics,Total,Percentage,Finland,2022,24.9,,
ESTAT:SDG_04_40(1.0),14-12-2023 11.00,Annual,Reading,Total,Percentage,Finland,2022,21.4,,
ESTAT:SDG_04_40(1.0),14-12-2023 11.00,Annual,Science,Total,Percentage,Finland,2022,18,,
ESTAT:SDG_04_40(1.0),14-12-2023 11.00,Annual,Reading,Total,Percentage,France,2000,15.2,,
ESTAT:SDG_04_40(1.0),14-12-2023 11.00,Annual,Mathematics,Total,Percentage,France,2003,16.6,,
ESTAT:SDG_04_40(1.0),14-12-2023 11.00,Annual,Reading,Total,Percentage,France,2003,17.5,,
ESTAT:SDG_04_40(1.0),14-12-2023 11.00,Annual,Mathematics,Total,Percentage,France,2006,22.4,,
ESTAT:SDG_04_40(1.0),14-12-2023 11.00,Annual,Reading,Total,Percentage,France,2006,21.7,,
ESTAT:SDG_04_40(1.0),14-12-2023 11.00,Annual,Science,Total,Percentage,France,2006,21.2,,
ESTAT:SDG_04_40(1.0),14-12-2023 11.00,Annual,Mathematics,Total,Percentage,France,2009,22.5,,
ESTAT:SDG_04_40(1.0),14-12-2023 11.00,Annual,Reading,Total,Percentage,France,2009,19.8,b,
ESTAT:SDG_04_40(1.0),14-12-2023 11.00,Annual,Science,Total,Percentage,France,2009,19.3,,
ESTAT:SDG_04_40(1.0),14-12-2023 11.00,Annual,Mathematics,Total,Percentage,France,2012,22.4,,
ESTAT:SDG_04_40(1.0),14-12-2023 11.00,Annual,Reading,Total,Percentage,France,2012,18.9,,
ESTAT:SDG_04_40(1.0),14-12-2023 11.00,Annual,Science,Total,Percentage,France,2012,18.7,,
ESTAT:SDG_04_40(1.0),14-12-2023 11.00,Annual,Mathematics,Total,Percentage,France,2015,23.5,,
ESTAT:SDG_04_40(1.0),14-12-2023 11.00,Annual,Reading,Total,Percentage,France,2015,21.5,,
ESTAT:SDG_04_40(1.0),14-12-2023 11.00,Annual,Science,Total,Percentage,France,2015,22.1,,
ESTAT:SDG_04_40(1.0),14-12-2023 11.00,Annual,Mathematics,Total,Percentage,France,2018,21.3,,
ESTAT:SDG_04_40(1.0),14-12-2023 11.00,Annual,Reading,Total,Percentage,France,2018,20.9,b,
ESTAT:SDG_04_40(1.0),14-12-2023 11.00,Annual,Science,Total,Percentage,France,2018,20.5,,
ESTAT:SDG_04_40(1.0),14-12-2023 11.00,Annual,Mathematics,Total,Percentage,France,2022,28.8,,
ESTAT:SDG_04_40(1.0),14-12-2023 11.00,Annual,Reading,Total,Percentage,France,2022,26.9,,
ESTAT:SDG_04_40(1.0),14-12-2023 11.00,Annual,Science,Total,Percentage,France,2022,23.8,,
ESTAT:SDG_04_40(1.0),14-12-2023 11.00,Annual,Reading,Total,Percentage,Germany,2000,22.6,,
ESTAT:SDG_04_40(1.0),14-12-2023 11.00,Annual,Mathematics,Total,Percentage,Germany,2003,21.6,,
ESTAT:SDG_04_40(1.0),14-12-2023 11.00,Annual,Reading,Total,Percentage,Germany,2003,22.3,,
ESTAT:SDG_04_40(1.0),14-12-2023 11.00,Annual,Mathematics,Total,Percentage,Germany,2006,20,,
ESTAT:SDG_04_40(1.0),14-12-2023 11.00,Annual,Reading,Total,Percentage,Germany,2006,20,,
ESTAT:SDG_04_40(1.0),14-12-2023 11.00,Annual,Science,Total,Percentage,Germany,2006,15.4,,
ESTAT:SDG_04_40(1.0),14-12-2023 11.00,Annual,Mathematics,Total,Percentage,Germany,2009,18.7,,
ESTAT:SDG_04_40(1.0),14-12-2023 11.00,Annual,Reading,Total,Percentage,Germany,2009,18.5,b,
ESTAT:SDG_04_40(1.0),14-12-2023 11.00,Annual,Science,Total,Percentage,Germany,2009,14.8,,
ESTAT:SDG_04_40(1.0),14-12-2023 11.00,Annual,Mathematics,Total,Percentage,Germany,2012,17.7,,
ESTAT:SDG_04_40(1.0),14-12-2023 11.00,Annual,Reading,Total,Percentage,Germany,2012,14.5,,
ESTAT:SDG_04_40(1.0),14-12-2023 11.00,Annual,Science,Total,Percentage,Germany,2012,12.2,,
ESTAT:SDG_04_40(1.0),14-12-2023 11.00,Annual,Mathematics,Total,Percentage,Germany,2015,17.2,,
ESTAT:SDG_04_40(1.0),14-12-2023 11.00,Annual,Reading,Total,Percentage,Germany,2015,16.2,,
ESTAT:SDG_04_40(1.0),14-12-2023 11.00,Annual,Science,Total,Percentage,Germany,2015,17,,
ESTAT:SDG_04_40(1.0),14-12-2023 11.00,Annual,Mathematics,Total,Percentage,Germany,2018,21.1,,
ESTAT:SDG_04_40(1.0),14-12-2023 11.00,Annual,Reading,Total,Percentage,Germany,2018,20.7,b,
ESTAT:SDG_04_40(1.0),14-12-2023 11.00,Annual,Science,Total,Percentage,Germany,2018,19.6,,
ESTAT:SDG_04_40(1.0),14-12-2023 11.00,Annual,Mathematics,Total,Percentage,Germany,2022,29.5,,
ESTAT:SDG_04_40(1.0),14-12-2023 11.00,Annual,Reading,Total,Percentage,Germany,2022,25.5,,
ESTAT:SDG_04_40(1.0),14-12-2023 11.00,Annual,Science,Total,Percentage,Germany,2022,22.9,,
ESTAT:SDG_04_40(1.0),14-12-2023 11.00,Annual,Reading,Total,Percentage,Greece,2000,24.4,,
ESTAT:SDG_04_40(1.0),14-12-2023 11.00,Annual,Mathematics,Total,Percentage,Greece,2003,38.9,,
ESTAT:SDG_04_40(1.0),14-12-2023 11.00,Annual,Reading,Total,Percentage,Greece,2003,25.3,,
ESTAT:SDG_04_40(1.0),14-12-2023 11.00,Annual,Mathematics,Total,Percentage,Greece,2006,32.5,,
ESTAT:SDG_04_40(1.0),14-12-2023 11.00,Annual,Reading,Total,Percentage,Greece,2006,27.7,,
ESTAT:SDG_04_40(1.0),14-12-2023 11.00,Annual,Science,Total,Percentage,Greece,2006,24,,
ESTAT:SDG_04_40(1.0),14-12-2023 11.00,Annual,Mathematics,Total,Percentage,Greece,2009,30.4,,
ESTAT:SDG_04_40(1.0),14-12-2023 11.00,Annual,Reading,Total,Percentage,Greece,2009,21.3,b,
ESTAT:SDG_04_40(1.0),14-12-2023 11.00,Annual,Science,Total,Percentage,Greece,2009,25.3,,
ESTAT:SDG_04_40(1.0),14-12-2023 11.00,Annual,Mathematics,Total,Percentage,Greece,2012,35.7,,
ESTAT:SDG_04_40(1.0),14-12-2023 11.00,Annual,Reading,Total,Percentage,Greece,2012,22.6,,
ESTAT:SDG_04_40(1.0),14-12-2023 11.00,Annual,Science,Total,Percentage,Greece,2012,25.5,,
ESTAT:SDG_04_40(1.0),14-12-2023 11.00,Annual,Mathematics,Total,Percentage,Greece,2015,35.8,,
ESTAT:SDG_04_40(1.0),14-12-2023 11.00,Annual,Reading,Total,Percentage,Greece,2015,27.3,,
ESTAT:SDG_04_40(1.0),14-12-2023 11.00,Annual,Science,Total,Percentage,Greece,2015,32.7,,
ESTAT:SDG_04_40(1.0),14-12-2023 11.00,Annual,Mathematics,Total,Percentage,Greece,2018,35.8,,
ESTAT:SDG_04_40(1.0),14-12-2023 11.00,Annual,Reading,Total,Percentage,Greece,2018,30.5,b,
ESTAT:SDG_04_40(1.0),14-12-2023 11.00,Annual,Science,Total,Percentage,Greece,2018,31.7,,
ESTAT:SDG_04_40(1.0),14-12-2023 11.00,Annual,Mathematics,Total,Percentage,Greece,2022,47.2,,
ESTAT:SDG_04_40(1.0),14-12-2023 11.00,Annual,Reading,Total,Percentage,Greece,2022,37.6,,
ESTAT:SDG_04_40(1.0),14-12-2023 11.00,Annual,Science,Total,Percentage,Greece,2022,37.3,,
ESTAT:SDG_04_40(1.0),14-12-2023 11.00,Annual,Reading,Total,Percentage,Hungary,2000,22.7,,
ESTAT:SDG_04_40(1.0),14-12-2023 11.00,Annual,Mathematics,Total,Percentage,Hungary,2003,23,,
ESTAT:SDG_04_40(1.0),14-12-2023 11.00,Annual,Reading,Total,Percentage,Hungary,2003,20.5,,
ESTAT:SDG_04_40(1.0),14-12-2023 11.00,Annual,Mathematics,Total,Percentage,Hungary,2006,21.2,,
ESTAT:SDG_04_40(1.0),14-12-2023 11.00,Annual,Reading,Total,Percentage,Hungary,2006,20.6,,
ESTAT:SDG_04_40(1.0),14-12-2023 11.00,Annual,Science,Total,Percentage,Hungary,2006,15,,
ESTAT:SDG_04_40(1.0),14-12-2023 11.00,Annual,Mathematics,Total,Percentage,Hungary,2009,22.3,,
ESTAT:SDG_04_40(1.0),14-12-2023 11.00,Annual,Reading,Total,Percentage,Hungary,2009,17.6,b,
ESTAT:SDG_04_40(1.0),14-12-2023 11.00,Annual,Science,Total,Percentage,Hungary,2009,14.1,,
ESTAT:SDG_04_40(1.0),14-12-2023 11.00,Annual,Mathematics,Total,Percentage,Hungary,2012,28.1,,
ESTAT:SDG_04_40(1.0),14-12-2023 11.00,Annual,Reading,Total,Percentage,Hungary,2012,19.7,,
ESTAT:SDG_04_40(1.0),14-12-2023 11.00,Annual,Science,Total,Percentage,Hungary,2012,18,,
ESTAT:SDG_04_40(1.0),14-12-2023 11.00,Annual,Mathematics,Total,Percentage,Hungary,2015,28,,
ESTAT:SDG_04_40(1.0),14-12-2023 11.00,Annual,Reading,Total,Percentage,Hungary,2015,27.5,,
ESTAT:SDG_04_40(1.0),14-12-2023 11.00,Annual,Science,Total,Percentage,Hungary,2015,26,,
ESTAT:SDG_04_40(1.0),14-12-2023 11.00,Annual,Mathematics,Total,Percentage,Hungary,2018,25.6,,
ESTAT:SDG_04_40(1.0),14-12-2023 11.00,Annual,Reading,Total,Percentage,Hungary,2018,25.3,b,
ESTAT:SDG_04_40(1.0),14-12-2023 11.00,Annual,Science,Total,Percentage,Hungary,2018,24.1,,
ESTAT:SDG_04_40(1.0),14-12-2023 11.00,Annual,Mathematics,Total,Percentage,Hungary,2022,29.5,,
ESTAT:SDG_04_40(1.0),14-12-2023 11.00,Annual,Reading,Total,Percentage,Hungary,2022,25.9,,
ESTAT:SDG_04_40(1.0),14-12-2023 11.00,Annual,Science,Total,Percentage,Hungary,2022,22.9,,
ESTAT:SDG_04_40(1.0),14-12-2023 11.00,Annual,Reading,Total,Percentage,Iceland,2000,14.5,,
ESTAT:SDG_04_40(1.0),14-12-2023 11.00,Annual,Mathematics,Total,Percentage,Iceland,2003,15,,
ESTAT:SDG_04_40(1.0),14-12-2023 11.00,Annual,Reading,Total,Percentage,Iceland,2003,18.5,,
ESTAT:SDG_04_40(1.0),14-12-2023 11.00,Annual,Mathematics,Total,Percentage,Iceland,2006,16.9,,
ESTAT:SDG_04_40(1.0),14-12-2023 11.00,Annual,Reading,Total,Percentage,Iceland,2006,20.5,,
ESTAT:SDG_04_40(1.0),14-12-2023 11.00,Annual,Science,Total,Percentage,Iceland,2006,20.6,,
ESTAT:SDG_04_40(1.0),14-12-2023 11.00,Annual,Mathematics,Total,Percentage,Iceland,2009,17,,
ESTAT:SDG_04_40(1.0),14-12-2023 11.00,Annual,Reading,Total,Percentage,Iceland,2009,16.8,b,
ESTAT:SDG_04_40(1.0),14-12-2023 11.00,Annual,Science,Total,Percentage,Iceland,2009,17.9,,
ESTAT:SDG_04_40(1.0),14-12-2023 11.00,Annual,Mathematics,Total,Percentage,Iceland,2012,21.5,,
ESTAT:SDG_04_40(1.0),14-12-2023 11.00,Annual,Reading,Total,Percentage,Iceland,2012,21,,
ESTAT:SDG_04_40(1.0),14-12-2023 11.00,Annual,Science,Total,Percentage,Iceland,2012,24,,
ESTAT:SDG_04_40(1.0),14-12-2023 11.00,Annual,Mathematics,Total,Percentage,Iceland,2015,23.6,,
ESTAT:SDG_04_40(1.0),14-12-2023 11.00,Annual,Reading,Total,Percentage,Iceland,2015,22.1,,
ESTAT:SDG_04_40(1.0),14-12-2023 11.00,Annual,Science,Total,Percentage,Iceland,2015,25.3,,
ESTAT:SDG_04_40(1.0),14-12-2023 11.00,Annual,Mathematics,Total,Percentage,Iceland,2018,20.7,,
ESTAT:SDG_04_40(1.0),14-12-2023 11.00,Annual,Reading,Total,Percentage,Iceland,2018,26.4,b,
ESTAT:SDG_04_40(1.0),14-12-2023 11.00,Annual,Science,Total,Percentage,Iceland,2018,25,,
ESTAT:SDG_04_40(1.0),14-12-2023 11.00,Annual,Mathematics,Total,Percentage,Iceland,2022,34.1,,
ESTAT:SDG_04_40(1.0),14-12-2023 11.00,Annual,Reading,Total,Percentage,Iceland,2022,39.7,,
ESTAT:SDG_04_40(1.0),14-12-2023 11.00,Annual,Science,Total,Percentage,Iceland,2022,35.9,,
ESTAT:SDG_04_40(1.0),14-12-2023 11.00,Annual,Reading,Total,Percentage,Ireland,2000,11,,
ESTAT:SDG_04_40(1.0),14-12-2023 11.00,Annual,Mathematics,Total,Percentage,Ireland,2003,16.8,,
ESTAT:SDG_04_40(1.0),14-12-2023 11.00,Annual,Reading,Total,Percentage,Ireland,2003,11,,
ESTAT:SDG_04_40(1.0),14-12-2023 11.00,Annual,Mathematics,Total,Percentage,Ireland,2006,16.5,,
ESTAT:SDG_04_40(1.0),14-12-2023 11.00,Annual,Reading,Total,Percentage,Ireland,2006,12.1,,
ESTAT:SDG_04_40(1.0),14-12-2023 11.00,Annual,Science,Total,Percentage,Ireland,2006,15.5,,
ESTAT:SDG_04_40(1.0),14-12-2023 11.00,Annual,Mathematics,Total,Percentage,Ireland,2009,20.9,,
ESTAT:SDG_04_40(1.0),14-12-2023 11.00,Annual,Reading,Total,Percentage,Ireland,2009,17.2,b,
ESTAT:SDG_04_40(1.0),14-12-2023 11.00,Annual,Science,Total,Percentage,Ireland,2009,15.2,,
ESTAT:SDG_04_40(1.0),14-12-2023 11.00,Annual,Mathematics,Total,Percentage,Ireland,2012,16.9,,
ESTAT:SDG_04_40(1.0),14-12-2023 11.00,Annual,Reading,Total,Percentage,Ireland,2012,9.6,,
ESTAT:SDG_04_40(1.0),14-12-2023 11.00,Annual,Science,Total,Percentage,Ireland,2012,11.1,,
ESTAT:SDG_04_40(1.0),14-12-2023 11.00,Annual,Mathematics,Total,Percentage,Ireland,2015,15,,
ESTAT:SDG_04_40(1.0),14-12-2023 11.00,Annual,Reading,Total,Percentage,Ireland,2015,10.2,,
ESTAT:SDG_04_40(1.0),14-12-2023 11.00,Annual,Science,Total,Percentage,Ireland,2015,15.3,,
ESTAT:SDG_04_40(1.0),14-12-2023 11.00,Annual,Mathematics,Total,Percentage,Ireland,2018,15.7,,
ESTAT:SDG_04_40(1.0),14-12-2023 11.00,Annual,Reading,Total,Percentage,Ireland,2018,11.8,b,
ESTAT:SDG_04_40(1.0),14-12-2023 11.00,Annual,Science,Total,Percentage,Ireland,2018,17,,
ESTAT:SDG_04_40(1.0),14-12-2023 11.00,Annual,Mathematics,Total,Percentage,Ireland,2022,19,,
ESTAT:SDG_04_40(1.0),14-12-2023 11.00,Annual,Reading,Total,Percentage,Ireland,2022,11.4,,
ESTAT:SDG_04_40(1.0),14-12-2023 11.00,Annual,Science,Total,Percentage,Ireland,2022,15.6,,
ESTAT:SDG_04_40(1.0),14-12-2023 11.00,Annual,Reading,Total,Percentage,Italy,2000,18.9,,
ESTAT:SDG_04_40(1.0),14-12-2023 11.00,Annual,Mathematics,Total,Percentage,Italy,2003,31.9,,
ESTAT:SDG_04_40(1.0),14-12-2023 11.00,Annual,Reading,Total,Percentage,Italy,2003,23.9,,
ESTAT:SDG_04_40(1.0),14-12-2023 11.00,Annual,Mathematics,Total,Percentage,Italy,2006,33,,
ESTAT:SDG_04_40(1.0),14-12-2023 11.00,Annual,Reading,Total,Percentage,Italy,2006,26.4,,
ESTAT:SDG_04_40(1.0),14-12-2023 11.00,Annual,Science,Total,Percentage,Italy,2006,25.3,,
ESTAT:SDG_04_40(1.0),14-12-2023 11.00,Annual,Mathematics,Total,Percentage,Italy,2009,25,,
ESTAT:SDG_04_40(1.0),14-12-2023 11.00,Annual,Reading,Total,Percentage,Italy,2009,21,b,
ESTAT:SDG_04_40(1.0),14-12-2023 11.00,Annual,Science,Total,Percentage,Italy,2009,20.6,,
ESTAT:SDG_04_40(1.0),14-12-2023 11.00,Annual,Mathematics,Total,Percentage,Italy,2012,24.7,,
ESTAT:SDG_04_40(1.0),14-12-2023 11.00,Annual,Reading,Total,Percentage,Italy,2012,19.5,,
ESTAT:SDG_04_40(1.0),14-12-2023 11.00,Annual,Science,Total,Percentage,Italy,2012,18.7,,
ESTAT:SDG_04_40(1.0),14-12-2023 11.00,Annual,Mathematics,Total,Percentage,Italy,2015,23.3,,
ESTAT:SDG_04_40(1.0),14-12-2023 11.00,Annual,Reading,Total,Percentage,Italy,2015,21,,
ESTAT:SDG_04_40(1.0),14-12-2023 11.00,Annual,Science,Total,Percentage,Italy,2015,23.2,,
ESTAT:SDG_04_40(1.0),14-12-2023 11.00,Annual,Mathematics,Total,Percentage,Italy,2018,23.8,,
ESTAT:SDG_04_40(1.0),14-12-2023 11.00,Annual,Reading,Total,Percentage,Italy,2018,23.3,b,
ESTAT:SDG_04_40(1.0),14-12-2023 11.00,Annual,Science,Total,Percentage,Italy,2018,25.9,,
ESTAT:SDG_04_40(1.0),14-12-2023 11.00,Annual,Mathematics,Total,Percentage,Italy,2022,29.6,,
ESTAT:SDG_04_40(1.0),14-12-2023 11.00,Annual,Reading,Total,Percentage,Italy,2022,21.4,,
ESTAT:SDG_04_40(1.0),14-12-2023 11.00,Annual,Science,Total,Percentage,Italy,2022,23.9,,
ESTAT:SDG_04_40(1.0),14-12-2023 11.00,Annual,Reading,Total,Percentage,Japan,2000,10.1,,
ESTAT:SDG_04_40(1.0),14-12-2023 11.00,Annual,Mathematics,Total,Percentage,Japan,2003,13.3,,
ESTAT:SDG_04_40(1.0),14-12-2023 11.00,Annual,Reading,Total,Percentage,Japan,2003,19,,
ESTAT:SDG_04_40(1.0),14-12-2023 11.00,Annual,Mathematics,Total,Percentage,Japan,2006,13.1,,
ESTAT:SDG_04_40(1.0),14-12-2023 11.00,Annual,Reading,Total,Percentage,Japan,2006,18.4,,
ESTAT:SDG_04_40(1.0),14-12-2023 11.00,Annual,Science,Total,Percentage,Japan,2006,12,,
ESTAT:SDG_04_40(1.0),14-12-2023 11.00,Annual,Mathematics,Total,Percentage,Japan,2009,12.5,,
ESTAT:SDG_04_40(1.0),14-12-2023 11.00,Annual,Reading,Total,Percentage,Japan,2009,13.6,b,
ESTAT:SDG_04_40(1.0),14-12-2023 11.00,Annual,Science,Total,Percentage,Japan,2009,10.7,,
ESTAT:SDG_04_40(1.0),14-12-2023 11.00,Annual,Mathematics,Total,Percentage,Japan,2012,11.1,,
ESTAT:SDG_04_40(1.0),14-12-2023 11.00,Annual,Reading,Total,Percentage,Japan,2012,9.8,,
ESTAT:SDG_04_40(1.0),14-12-2023 11.00,Annual,Science,Total,Percentage,Japan,2012,8.5,,
ESTAT:SDG_04_40(1.0),14-12-2023 11.00,Annual,Mathematics,Total,Percentage,Japan,2015,10.7,,
ESTAT:SDG_04_40(1.0),14-12-2023 11.00,Annual,Reading,Total,Percentage,Japan,2015,12.9,,
ESTAT:SDG_04_40(1.0),14-12-2023 11.00,Annual,Science,Total,Percentage,Japan,2015,9.6,,
ESTAT:SDG_04_40(1.0),14-12-2023 11.00,Annual,Mathematics,Total,Percentage,Japan,2018,11.5,,
ESTAT:SDG_04_40(1.0),14-12-2023 11.00,Annual,Reading,Total,Percentage,Japan,2018,16.8,b,
ESTAT:SDG_04_40(1.0),14-12-2023 11.00,Annual,Science,Total,Percentage,Japan,2018,10.8,,
ESTAT:SDG_04_40(1.0),14-12-2023 11.00,Annual,Mathematics,Total,Percentage,Japan,2022,12,,
ESTAT:SDG_04_40(1.0),14-12-2023 11.00,Annual,Reading,Total,Percentage,Japan,2022,13.8,,
ESTAT:SDG_04_40(1.0),14-12-2023 11.00,Annual,Science,Total,Percentage,Japan,2022,8,,
ESTAT:SDG_04_40(1.0),14-12-2023 11.00,Annual,Reading,Total,Percentage,Latvia,2000,30.1,,
ESTAT:SDG_04_40(1.0),14-12-2023 11.00,Annual,Mathematics,Total,Percentage,Latvia,2003,23.7,,
ESTAT:SDG_04_40(1.0),14-12-2023 11.00,Annual,Reading,Total,Percentage,Latvia,2003,18,,
ESTAT:SDG_04_40(1.0),14-12-2023 11.00,Annual,Mathematics,Total,Percentage,Latvia,2006,20.8,,
ESTAT:SDG_04_40(1.0),14-12-2023 11.00,Annual,Reading,Total,Percentage,Latvia,2006,21.2,,
ESTAT:SDG_04_40(1.0),14-12-2023 11.00,Annual,Science,Total,Percentage,Latvia,2006,17.4,,
ESTAT:SDG_04_40(1.0),14-12-2023 11.00,Annual,Mathematics,Total,Percentage,Latvia,2009,22.6,,
ESTAT:SDG_04_40(1.0),14-12-2023 11.00,Annual,Reading,Total,Percentage,Latvia,2009,17.6,b,
ESTAT:SDG_04_40(1.0),14-12-2023 11.00,Annual,Science,Total,Percentage,Latvia,2009,14.7,,
ESTAT:SDG_04_40(1.0),14-12-2023 11.00,Annual,Mathematics,Total,Percentage,Latvia,2012,19.9,,
ESTAT:SDG_04_40(1.0),14-12-2023 11.00,Annual,Reading,Total,Percentage,Latvia,2012,17,,
ESTAT:SDG_04_40(1.0),14-12-2023 11.00,Annual,Science,Total,Percentage,Latvia,2012,12.4,,
ESTAT:SDG_04_40(1.0),14-12-2023 11.00,Annual,Mathematics,Total,Percentage,Latvia,2015,21.4,,
ESTAT:SDG_04_40(1.0),14-12-2023 11.00,Annual,Reading,Total,Percentage,Latvia,2015,17.7,,
ESTAT:SDG_04_40(1.0),14-12-2023 11.00,Annual,Science,Total,Percentage,Latvia,2015,17.2,,
ESTAT:SDG_04_40(1.0),14-12-2023 11.00,Annual,Mathematics,Total,Percentage,Latvia,2018,17.3,,
ESTAT:SDG_04_40(1.0),14-12-2023 11.00,Annual,Reading,Total,Percentage,Latvia,2018,22.4,b,
ESTAT:SDG_04_40(1.0),14-12-2023 11.00,Annual,Science,Total,Percentage,Latvia,2018,18.5,,
ESTAT:SDG_04_40(1.0),14-12-2023 11.00,Annual,Mathematics,Total,Percentage,Latvia,2022,22.2,,
ESTAT:SDG_04_40(1.0),14-12-2023 11.00,Annual,Reading,Total,Percentage,Latvia,2022,22.8,,
ESTAT:SDG_04_40(1.0),14-12-2023 11.00,Annual,Science,Total,Percentage,Latvia,2022,16.5,,
ESTAT:SDG_04_40(1.0),14-12-2023 11.00,Annual,Reading,Total,Percentage,Liechtenstein,2009,,b,
ESTAT:SDG_04_40(1.0),14-12-2023 11.00,Annual,Reading,Total,Percentage,Liechtenstein,2018,,b,
ESTAT:SDG_04_40(1.0),14-12-2023 11.00,Annual,Mathematics,Total,Percentage,Lithuania,2006,23.1,,
ESTAT:SDG_04_40(1.0),14-12-2023 11.00,Annual,Reading,Total,Percentage,Lithuania,2006,25.7,,
ESTAT:SDG_04_40(1.0),14-12-2023 11.00,Annual,Science,Total,Percentage,Lithuania,2006,20.3,,
ESTAT:SDG_04_40(1.0),14-12-2023 11.00,Annual,Mathematics,Total,Percentage,Lithuania,2009,26.4,,
ESTAT:SDG_04_40(1.0),14-12-2023 11.00,Annual,Reading,Total,Percentage,Lithuania,2009,24.4,b,
ESTAT:SDG_04_40(1.0),14-12-2023 11.00,Annual,Science,Total,Percentage,Lithuania,2009,17,,
ESTAT:SDG_04_40(1.0),14-12-2023 11.00,Annual,Mathematics,Total,Percentage,Lithuania,2012,26,,
ESTAT:SDG_04_40(1.0),14-12-2023 11.00,Annual,Reading,Total,Percentage,Lithuania,2012,21.2,,
ESTAT:SDG_04_40(1.0),14-12-2023 11.00,Annual,Science,Total,Percentage,Lithuania,2012,16.1,,
ESTAT:SDG_04_40(1.0),14-12-2023 11.00,Annual,Mathematics,Total,Percentage,Lithuania,2015,25.4,,
ESTAT:SDG_04_40(1.0),14-12-2023 11.00,Annual,Reading,Total,Percentage,Lithuania,2015,25.1,,
ESTAT:SDG_04_40(1.0),14-12-2023 11.00,Annual,Science,Total,Percentage,Lithuania,2015,24.7,,
ESTAT:SDG_04_40(1.0),14-12-2023 11.00,Annual,Mathematics,Total,Percentage,Lithuania,2018,25.6,,
ESTAT:SDG_04_40(1.0),14-12-2023 11.00,Annual,Reading,Total,Percentage,Lithuania,2018,24.4,b,
ESTAT:SDG_04_40(1.0),14-12-2023 11.00,Annual,Science,Total,Percentage,Lithuania,2018,22.2,,
ESTAT:SDG_04_40(1.0),14-12-2023 11.00,Annual,Mathematics,Total,Percentage,Lithuania,2022,27.8,,
ESTAT:SDG_04_40(1.0),14-12-2023 11.00,Annual,Reading,Total,Percentage,Lithuania,2022,24.9,,
ESTAT:SDG_04_40(1.0),14-12-2023 11.00,Annual,Science,Total,Percentage,Lithuania,2022,21.8,,
ESTAT:SDG_04_40(1.0),14-12-2023 11.00,Annual,Reading,Total,Percentage,Luxembourg,2000,35.1,,
ESTAT:SDG_04_40(1.0),14-12-2023 11.00,Annual,Mathematics,Total,Percentage,Luxembourg,2003,21.7,,
ESTAT:SDG_04_40(1.0),14-12-2023 11.00,Annual,Reading,Total,Percentage,Luxembourg,2003,22.7,,
ESTAT:SDG_04_40(1.0),14-12-2023 11.00,Annual,Mathematics,Total,Percentage,Luxembourg,2006,22.9,,
ESTAT:SDG_04_40(1.0),14-12-2023 11.00,Annual,Reading,Total,Percentage,Luxembourg,2006,22.9,,
ESTAT:SDG_04_40(1.0),14-12-2023 11.00,Annual,Science,Total,Percentage,Luxembourg,2006,22.1,,
ESTAT:SDG_04_40(1.0),14-12-2023 11.00,Annual,Mathematics,Total,Percentage,Luxembourg,2009,23.9,,
ESTAT:SDG_04_40(1.0),14-12-2023 11.00,Annual,Reading,Total,Percentage,Luxembourg,2009,26,b,
ESTAT:SDG_04_40(1.0),14-12-2023 11.00,Annual,Science,Total,Percentage,Luxembourg,2009,23.7,,
ESTAT:SDG_04_40(1.0),14-12-2023 11.00,Annual,Mathematics,Total,Percentage,Luxembourg,2012,24.3,,
ESTAT:SDG_04_40(1.0),14-12-2023 11.00,Annual,Reading,Total,Percentage,Luxembourg,2012,22.2,,
ESTAT:SDG_04_40(1.0),14-12-2023 11.00,Annual,Science,Total,Percentage,Luxembourg,2012,22.2,,
ESTAT:SDG_04_40(1.0),14-12-2023 11.00,Annual,Mathematics,Total,Percentage,Luxembourg,2015,25.8,,
ESTAT:SDG_04_40(1.0),14-12-2023 11.00,Annual,Reading,Total,Percentage,Luxembourg,2015,25.6,,
ESTAT:SDG_04_40(1.0),14-12-2023 11.00,Annual,Science,Total,Percentage,Luxembourg,2015,25.9,,
ESTAT:SDG_04_40(1.0),14-12-2023 11.00,Annual,Mathematics,Total,Percentage,Luxembourg,2018,27.2,,
ESTAT:SDG_04_40(1.0),14-12-2023 11.00,Annual,Reading,Total,Percentage,Luxembourg,2018,29.3,b,
ESTAT:SDG_04_40(1.0),14-12-2023 11.00,Annual,Science,Total,Percentage,Luxembourg,2018,26.8,,
ESTAT:SDG_04_40(1.0),14-12-2023 11.00,Annual,Mathematics,Total,Percentage,Malta,2009,33.7,,
ESTAT:SDG_04_40(1.0),14-12-2023 11.00,Annual,Reading,Total,Percentage,Malta,2009,36.3,b,
ESTAT:SDG_04_40(1.0),14-12-2023 11.00,Annual,Science,Total,Percentage,Malta,2009,32.5,,
ESTAT:SDG_04_40(1.0),14-12-2023 11.00,Annual,Mathematics,Total,Percentage,Malta,2015,29.1,,
ESTAT:SDG_04_40(1.0),14-12-2023 11.00,Annual,Reading,Total,Percentage,Malta,2015,35.6,,
ESTAT:SDG_04_40(1.0),14-12-2023 11.00,Annual,Science,Total,Percentage,Malta,2015,32.5,,
ESTAT:SDG_04_40(1.0),14-12-2023 11.00,Annual,Mathematics,Total,Percentage,Malta,2018,30.2,,
ESTAT:SDG_04_40(1.0),14-12-2023 11.00,Annual,Reading,Total,Percentage,Malta,2018,35.9,b,
ESTAT:SDG_04_40(1.0),14-12-2023 11.00,Annual,Science,Total,Percentage,Malta,2018,33.5,,
ESTAT:SDG_04_40(1.0),14-12-2023 11.00,Annual,Mathematics,Total,Percentage,Malta,2022,32.6,,
ESTAT:SDG_04_40(1.0),14-12-2023 11.00,Annual,Reading,Total,Percentage,Malta,2022,36.3,,
ESTAT:SDG_04_40(1.0),14-12-2023 11.00,Annual,Science,Total,Percentage,Malta,2022,30.3,,
ESTAT:SDG_04_40(1.0),14-12-2023 11.00,Annual,Mathematics,Total,Percentage,Montenegro,2006,60.2,,
ESTAT:SDG_04_40(1.0),14-12-2023 11.00,Annual,Reading,Total,Percentage,Montenegro,2006,56.3,,
ESTAT:SDG_04_40(1.0),14-12-2023 11.00,Annual,Science,Total,Percentage,Montenegro,2006,50.2,,
ESTAT:SDG_04_40(1.0),14-12-2023 11.00,Annual,Mathematics,Total,Percentage,Montenegro,2009,58.5,,
ESTAT:SDG_04_40(1.0),14-12-2023 11.00,Annual,Reading,Total,Percentage,Montenegro,2009,49.5,b,
ESTAT:SDG_04_40(1.0),14-12-2023 11.00,Annual,Science,Total,Percentage,Montenegro,2009,53.6,,
ESTAT:SDG_04_40(1.0),14-12-2023 11.00,Annual,Mathematics,Total,Percentage,Montenegro,2012,56.6,,
ESTAT:SDG_04_40(1.0),14-12-2023 11.00,Annual,Reading,Total,Percentage,Montenegro,2012,43.3,,
ESTAT:SDG_04_40(1.0),14-12-2023 11.00,Annual,Science,Total,Percentage,Montenegro,2012,50.7,,
ESTAT:SDG_04_40(1.0),14-12-2023 11.00,Annual,Mathematics,Total,Percentage,Montenegro,2015,51.9,,
ESTAT:SDG_04_40(1.0),14-12-2023 11.00,Annual,Reading,Total,Percentage,Montenegro,2015,41.9,,
ESTAT:SDG_04_40(1.0),14-12-2023 11.00,Annual,Science,Total,Percentage,Montenegro,2015,51,,
ESTAT:SDG_04_40(1.0),14-12-2023 11.00,Annual,Mathematics,Total,Percentage,Montenegro,2018,46.2,,
ESTAT:SDG_04_40(1.0),14-12-2023 11.00,Annual,Reading,Total,Percentage,Montenegro,2018,44.4,b,
ESTAT:SDG_04_40(1.0),14-12-2023 11.00,Annual,Science,Total,Percentage,Montenegro,2018,48.2,,
ESTAT:SDG_04_40(1.0),14-12-2023 11.00,Annual,Mathematics,Total,Percentage,Montenegro,2022,59.5,,
ESTAT:SDG_04_40(1.0),14-12-2023 11.00,Annual,Reading,Total,Percentage,Montenegro,2022,52.9,,
ESTAT:SDG_04_40(1.0),14-12-2023 11.00,Annual,Science,Total,Percentage,Montenegro,2022,54.9,,
ESTAT:SDG_04_40(1.0),14-12-2023 11.00,Annual,Mathematics,Total,Percentage,Netherlands,2003,10.9,,
ESTAT:SDG_04_40(1.0),14-12-2023 11.00,Annual,Reading,Total,Percentage,Netherlands,2003,11.5,,
ESTAT:SDG_04_40(1.0),14-12-2023 11.00,Annual,Mathematics,Total,Percentage,Netherlands,2006,11.6,,
ESTAT:SDG_04_40(1.0),14-12-2023 11.00,Annual,Reading,Total,Percentage,Netherlands,2006,15.1,,
ESTAT:SDG_04_40(1.0),14-12-2023 11.00,Annual,Science,Total,Percentage,Netherlands,2006,13,,
ESTAT:SDG_04_40(1.0),14-12-2023 11.00,Annual,Mathematics,Total,Percentage,Netherlands,2009,13.4,,
ESTAT:SDG_04_40(1.0),14-12-2023 11.00,Annual,Reading,Total,Percentage,Netherlands,2009,14.3,b,
ESTAT:SDG_04_40(1.0),14-12-2023 11.00,Annual,Science,Total,Percentage,Netherlands,2009,13.2,,
ESTAT:SDG_04_40(1.0),14-12-2023 11.00,Annual,Mathematics,Total,Percentage,Netherlands,2012,14.8,,
ESTAT:SDG_04_40(1.0),14-12-2023 11.00,Annual,Reading,Total,Percentage,Netherlands,2012,14,,
ESTAT:SDG_04_40(1.0),14-12-2023 11.00,Annual,Science,Total,Percentage,Netherlands,2012,13.1,,
ESTAT:SDG_04_40(1.0),14-12-2023 11.00,Annual,Mathematics,Total,Percentage,Netherlands,2015,16.7,,
ESTAT:SDG_04_40(1.0),14-12-2023 11.00,Annual,Reading,Total,Percentage,Netherlands,2015,18.1,,
ESTAT:SDG_04_40(1.0),14-12-2023 11.00,Annual,Science,Total,Percentage,Netherlands,2015,18.5,,
ESTAT:SDG_04_40(1.0),14-12-2023 11.00,Annual,Mathematics,Total,Percentage,Netherlands,2018,15.8,,
ESTAT:SDG_04_40(1.0),14-12-2023 11.00,Annual,Reading,Total,Percentage,Netherlands,2018,24.1,b,
ESTAT:SDG_04_40(1.0),14-12-2023 11.00,Annual,Science,Total,Percentage,Netherlands,2018,20,,
ESTAT:SDG_04_40(1.0),14-12-2023 11.00,Annual,Mathematics,Total,Percentage,Netherlands,2022,27.4,,
ESTAT:SDG_04_40(1.0),14-12-2023 11.00,Annual,Reading,Total,Percentage,Netherlands,2022,34.6,,
ESTAT:SDG_04_40(1.0),14-12-2023 11.00,Annual,Science,Total,Percentage,Netherlands,2022,27.3,,
ESTAT:SDG_04_40(1.0),14-12-2023 11.00,Annual,Reading,Total,Percentage,North Macedonia,2000,62.7,,
ESTAT:SDG_04_40(1.0),14-12-2023 11.00,Annual,Reading,Total,Percentage,North Macedonia,2009,,b,
ESTAT:SDG_04_40(1.0),14-12-2023 11.00,Annual,Mathematics,Total,Percentage,North Macedonia,2015,70.2,,
ESTAT:SDG_04_40(1.0),14-12-2023 11.00,Annual,Reading,Total,Percentage,North Macedonia,2015,70.7,,
ESTAT:SDG_04_40(1.0),14-12-2023 11.00,Annual,Science,Total,Percentage,North Macedonia,2015,62.9,,
ESTAT:SDG_04_40(1.0),14-12-2023 11.00,Annual,Mathematics,Total,Percentage,North Macedonia,2018,61,,
ESTAT:SDG_04_40(1.0),14-12-2023 11.00,Annual,Reading,Total,Percentage,North Macedonia,2018,55.1,b,
ESTAT:SDG_04_40(1.0),14-12-2023 11.00,Annual,Science,Total,Percentage,North Macedonia,2018,49.5,,
ESTAT:SDG_04_40(1.0),14-12-2023 11.00,Annual,Mathematics,Total,Percentage,North Macedonia,2022,66.2,,
ESTAT:SDG_04_40(1.0),14-12-2023 11.00,Annual,Reading,Total,Percentage,North Macedonia,2022,73.6,,
ESTAT:SDG_04_40(1.0),14-12-2023 11.00,Annual,Science,Total,Percentage,North Macedonia,2022,65.3,,
ESTAT:SDG_04_40(1.0),14-12-2023 11.00,Annual,Reading,Total,Percentage,Norway,2000,17.5,,
ESTAT:SDG_04_40(1.0),14-12-2023 11.00,Annual,Mathematics,Total,Percentage,Norway,2003,20.8,,
ESTAT:SDG_04_40(1.0),14-12-2023 11.00,Annual,Reading,Total,Percentage,Norway,2003,18.1,,
ESTAT:SDG_04_40(1.0),14-12-2023 11.00,Annual,Mathematics,Total,Percentage,Norway,2006,22.4,,
ESTAT:SDG_04_40(1.0),14-12-2023 11.00,Annual,Reading,Total,Percentage,Norway,2006,22.4,,
ESTAT:SDG_04_40(1.0),14-12-2023 11.00,Annual,Science,Total,Percentage,Norway,2006,21.1,,
ESTAT:SDG_04_40(1.0),14-12-2023 11.00,Annual,Mathematics,Total,Percentage,Norway,2009,18.2,,
ESTAT:SDG_04_40(1.0),14-12-2023 11.00,Annual,Reading,Total,Percentage,Norway,2009,15,b,
ESTAT:SDG_04_40(1.0),14-12-2023 11.00,Annual,Science,Total,Percentage,Norway,2009,15.8,,
ESTAT:SDG_04_40(1.0),14-12-2023 11.00,Annual,Mathematics,Total,Percentage,Norway,2012,22.3,,
ESTAT:SDG_04_40(1.0),14-12-2023 11.00,Annual,Reading,Total,Percentage,Norway,2012,16.2,,
ESTAT:SDG_04_40(1.0),14-12-2023 11.00,Annual,Science,Total,Percentage,Norway,2012,19.6,,
ESTAT:SDG_04_40(1.0),14-12-2023 11.00,Annual,Mathematics,Total,Percentage,Norway,2015,17.1,,
ESTAT:SDG_04_40(1.0),14-12-2023 11.00,Annual,Reading,Total,Percentage,Norway,2015,14.9,,
ESTAT:SDG_04_40(1.0),14-12-2023 11.00,Annual,Science,Total,Percentage,Norway,2015,18.7,,
ESTAT:SDG_04_40(1.0),14-12-2023 11.00,Annual,Mathematics,Total,Percentage,Norway,2018,18.9,,
ESTAT:SDG_04_40(1.0),14-12-2023 11.00,Annual,Reading,Total,Percentage,Norway,2018,19.3,b,
ESTAT:SDG_04_40(1.0),14-12-2023 11.00,Annual,Science,Total,Percentage,Norway,2018,20.8,,
ESTAT:SDG_04_40(1.0),14-12-2023 11.00,Annual,Mathematics,Total,Percentage,Norway,2022,31.5,,
ESTAT:SDG_04_40(1.0),14-12-2023 11.00,Annual,Reading,Total,Percentage,Norway,2022,27.5,,
ESTAT:SDG_04_40(1.0),14-12-2023 11.00,Annual,Science,Total,Percentage,Norway,2022,27.6,,
ESTAT:SDG_04_40(1.0),14-12-2023 11.00,Annual,Reading,Total,Percentage,Poland,2000,23.2,,
ESTAT:SDG_04_40(1.0),14-12-2023 11.00,Annual,Mathematics,Total,Percentage,Poland,2003,22,,
ESTAT:SDG_04_40(1.0),14-12-2023 11.00,Annual,Reading,Total,Percentage,Poland,2003,16.8,,
ESTAT:SDG_04_40(1.0),14-12-2023 11.00,Annual,Mathematics,Total,Percentage,Poland,2006,20,,
ESTAT:SDG_04_40(1.0),14-12-2023 11.00,Annual,Reading,Total,Percentage,Poland,2006,16.2,,
ESTAT:SDG_04_40(1.0),14-12-2023 11.00,Annual,Science,Total,Percentage,Poland,2006,17,,
ESTAT:SDG_04_40(1.0),14-12-2023 11.00,Annual,Mathematics,Total,Percentage,Poland,2009,20.5,,
ESTAT:SDG_04_40(1.0),14-12-2023 11.00,Annual,Reading,Total,Percentage,Poland,2009,15,b,
ESTAT:SDG_04_40(1.0),14-12-2023 11.00,Annual,Science,Total,Percentage,Poland,2009,13.1,,
ESTAT:SDG_04_40(1.0),14-12-2023 11.00,Annual,Mathematics,Total,Percentage,Poland,2012,14.4,,
ESTAT:SDG_04_40(1.0),14-12-2023 11.00,Annual,Reading,Total,Percentage,Poland,2012,10.6,,
ESTAT:SDG_04_40(1.0),14-12-2023 11.00,Annual,Science,Total,Percentage,Poland,2012,9,,
ESTAT:SDG_04_40(1.0),14-12-2023 11.00,Annual,Mathematics,Total,Percentage,Poland,2015,17.2,,
ESTAT:SDG_04_40(1.0),14-12-2023 11.00,Annual,Reading,Total,Percentage,Poland,2015,14.4,,
ESTAT:SDG_04_40(1.0),14-12-2023 11.00,Annual,Science,Total,Percentage,Poland,2015,16.3,,
ESTAT:SDG_04_40(1.0),14-12-2023 11.00,Annual,Mathematics,Total,Percentage,Poland,2018,14.7,,
ESTAT:SDG_04_40(1.0),14-12-2023 11.00,Annual,Reading,Total,Percentage,Poland,2018,14.7,b,
ESTAT:SDG_04_40(1.0),14-12-2023 11.00,Annual,Science,Total,Percentage,Poland,2018,13.8,,
ESTAT:SDG_04_40(1.0),14-12-2023 11.00,Annual,Mathematics,Total,Percentage,Poland,2022,23,,
ESTAT:SDG_04_40(1.0),14-12-2023 11.00,Annual,Reading,Total,Percentage,Poland,2022,22.2,,
ESTAT:SDG_04_40(1.0),14-12-2023 11.00,Annual,Science,Total,Percentage,Poland,2022,18.6,,
ESTAT:SDG_04_40(1.0),14-12-2023 11.00,Annual,Reading,Total,Percentage,Portugal,2000,26.3,,
ESTAT:SDG_04_40(1.0),14-12-2023 11.00,Annual,Mathematics,Total,Percentage,Portugal,2003,30.1,,
ESTAT:SDG_04_40(1.0),14-12-2023 11.00,Annual,Reading,Total,Percentage,Portugal,2003,21.9,,
ESTAT:SDG_04_40(1.0),14-12-2023 11.00,Annual,Mathematics,Total,Percentage,Portugal,2006,30.9,,
ESTAT:SDG_04_40(1.0),14-12-2023 11.00,Annual,Reading,Total,Percentage,Portugal,2006,24.9,,
ESTAT:SDG_04_40(1.0),14-12-2023 11.00,Annual,Science,Total,Percentage,Portugal,2006,24.5,,
ESTAT:SDG_04_40(1.0),14-12-2023 11.00,Annual,Mathematics,Total,Percentage,Portugal,2009,23.8,,
ESTAT:SDG_04_40(1.0),14-12-2023 11.00,Annual,Reading,Total,Percentage,Portugal,2009,17.6,b,
ESTAT:SDG_04_40(1.0),14-12-2023 11.00,Annual,Science,Total,Percentage,Portugal,2009,16.5,,
ESTAT:SDG_04_40(1.0),14-12-2023 11.00,Annual,Mathematics,Total,Percentage,Portugal,2012,24.9,,
ESTAT:SDG_04_40(1.0),14-12-2023 11.00,Annual,Reading,Total,Percentage,Portugal,2012,18.8,,
ESTAT:SDG_04_40(1.0),14-12-2023 11.00,Annual,Science,Total,Percentage,Portugal,2012,19,,
ESTAT:SDG_04_40(1.0),14-12-2023 11.00,Annual,Mathematics,Total,Percentage,Portugal,2015,23.8,,
ESTAT:SDG_04_40(1.0),14-12-2023 11.00,Annual,Reading,Total,Percentage,Portugal,2015,17.2,,
ESTAT:SDG_04_40(1.0),14-12-2023 11.00,Annual,Science,Total,Percentage,Portugal,2015,17.4,,
ESTAT:SDG_04_40(1.0),14-12-2023 11.00,Annual,Mathematics,Total,Percentage,Portugal,2018,23.3,,
ESTAT:SDG_04_40(1.0),14-12-2023 11.00,Annual,Reading,Total,Percentage,Portugal,2018,20.2,b,
ESTAT:SDG_04_40(1.0),14-12-2023 11.00,Annual,Science,Total,Percentage,Portugal,2018,19.6,,
ESTAT:SDG_04_40(1.0),14-12-2023 11.00,Annual,Mathematics,Total,Percentage,Portugal,2022,29.7,,
ESTAT:SDG_04_40(1.0),14-12-2023 11.00,Annual,Reading,Total,Percentage,Portugal,2022,23.1,,
ESTAT:SDG_04_40(1.0),14-12-2023 11.00,Annual,Science,Total,Percentage,Portugal,2022,21.8,,
ESTAT:SDG_04_40(1.0),14-12-2023 11.00,Annual,Reading,Total,Percentage,Romania,2000,41.3,,
ESTAT:SDG_04_40(1.0),14-12-2023 11.00,Annual,Mathematics,Total,Percentage,Romania,2006,52.9,,
ESTAT:SDG_04_40(1.0),14-12-2023 11.00,Annual,Reading,Total,Percentage,Romania,2006,53.5,,
ESTAT:SDG_04_40(1.0),14-12-2023 11.00,Annual,Science,Total,Percentage,Romania,2006,46.9,,
ESTAT:SDG_04_40(1.0),14-12-2023 11.00,Annual,Mathematics,Total,Percentage,Romania,2009,47,,
ESTAT:SDG_04_40(1.0),14-12-2023 11.00,Annual,Reading,Total,Percentage,Romania,2009,40.4,b,
ESTAT:SDG_04_40(1.0),14-12-2023 11.00,Annual,Science,Total,Percentage,Romania,2009,41.4,,
ESTAT:SDG_04_40(1.0),14-12-2023 11.00,Annual,Mathematics,Total,Percentage,Romania,2012,40.8,,
ESTAT:SDG_04_40(1.0),14-12-2023 11.00,Annual,Reading,Total,Percentage,Romania,2012,37.3,,
ESTAT:SDG_04_40(1.0),14-12-2023 11.00,Annual,Science,Total,Percentage,Romania,2012,37.3,,
ESTAT:SDG_04_40(1.0),14-12-2023 11.00,Annual,Mathematics,Total,Percentage,Romania,2015,39.9,,
ESTAT:SDG_04_40(1.0),14-12-2023 11.00,Annual,Reading,Total,Percentage,Romania,2015,38.7,,
ESTAT:SDG_04_40(1.0),14-12-2023 11.00,Annual,Science,Total,Percentage,Romania,2015,38.5,,
ESTAT:SDG_04_40(1.0),14-12-2023 11.00,Annual,Mathematics,Total,Percentage,Romania,2018,46.6,,
ESTAT:SDG_04_40(1.0),14-12-2023 11.00,Annual,Reading,Total,Percentage,Romania,2018,40.8,b,
ESTAT:SDG_04_40(1.0),14-12-2023 11.00,Annual,Science,Total,Percentage,Romania,2018,43.9,,
ESTAT:SDG_04_40(1.0),14-12-2023 11.00,Annual,Mathematics,Total,Percentage,Romania,2022,48.6,,
ESTAT:SDG_04_40(1.0),14-12-2023 11.00,Annual,Reading,Total,Percentage,Romania,2022,41.7,,
ESTAT:SDG_04_40(1.0),14-12-2023 11.00,Annual,Science,Total,Percentage,Romania,2022,44,,
ESTAT:SDG_04_40(1.0),14-12-2023 11.00,Annual,Reading,Total,Percentage,Russia,2000,27.4,,
ESTAT:SDG_04_40(1.0),14-12-2023 11.00,Annual,Mathematics,Total,Percentage,Russia,2003,30.2,,
ESTAT:SDG_04_40(1.0),14-12-2023 11.00,Annual,Reading,Total,Percentage,Russia,2003,34,,
ESTAT:SDG_04_40(1.0),14-12-2023 11.00,Annual,Mathematics,Total,Percentage,Russia,2006,26.8,,
ESTAT:SDG_04_40(1.0),14-12-2023 11.00,Annual,Reading,Total,Percentage,Russia,2006,35.3,,
ESTAT:SDG_04_40(1.0),14-12-2023 11.00,Annual,Science,Total,Percentage,Russia,2006,22.2,,
ESTAT:SDG_04_40(1.0),14-12-2023 11.00,Annual,Mathematics,Total,Percentage,Russia,2009,28.6,,
ESTAT:SDG_04_40(1.0),14-12-2023 11.00,Annual,Reading,Total,Percentage,Russia,2009,27.4,b,
ESTAT:SDG_04_40(1.0),14-12-2023 11.00,Annual,Science,Total,Percentage,Russia,2009,22,,
ESTAT:SDG_04_40(1.0),14-12-2023 11.00,Annual,Mathematics,Total,Percentage,Russia,2012,24,,
ESTAT:SDG_04_40(1.0),14-12-2023 11.00,Annual,Reading,Total,Percentage,Russia,2012,22.3,,
ESTAT:SDG_04_40(1.0),14-12-2023 11.00,Annual,Science,Total,Percentage,Russia,2012,18.8,,
ESTAT:SDG_04_40(1.0),14-12-2023 11.00,Annual,Mathematics,Total,Percentage,Russia,2015,18.9,,
ESTAT:SDG_04_40(1.0),14-12-2023 11.00,Annual,Reading,Total,Percentage,Russia,2015,16.2,,
ESTAT:SDG_04_40(1.0),14-12-2023 11.00,Annual,Science,Total,Percentage,Russia,2015,18.2,,
ESTAT:SDG_04_40(1.0),14-12-2023 11.00,Annual,Mathematics,Total,Percentage,Russia,2018,21.6,,
ESTAT:SDG_04_40(1.0),14-12-2023 11.00,Annual,Reading,Total,Percentage,Russia,2018,22.1,b,
ESTAT:SDG_04_40(1.0),14-12-2023 11.00,Annual,Science,Total,Percentage,Russia,2018,21.2,,
ESTAT:SDG_04_40(1.0),14-12-2023 11.00,Annual,Mathematics,Total,Percentage,Serbia,2006,42.6,,
ESTAT:SDG_04_40(1.0),14-12-2023 11.00,Annual,Reading,Total,Percentage,Serbia,2006,51.7,,
ESTAT:SDG_04_40(1.0),14-12-2023 11.00,Annual,Science,Total,Percentage,Serbia,2006,38.5,,
ESTAT:SDG_04_40(1.0),14-12-2023 11.00,Annual,Mathematics,Total,Percentage,Serbia,2009,40.6,,
ESTAT:SDG_04_40(1.0),14-12-2023 11.00,Annual,Reading,Total,Percentage,Serbia,2009,32.8,b,
ESTAT:SDG_04_40(1.0),14-12-2023 11.00,Annual,Science,Total,Percentage,Serbia,2009,34.4,,
ESTAT:SDG_04_40(1.0),14-12-2023 11.00,Annual,Mathematics,Total,Percentage,Serbia,2012,38.9,,
ESTAT:SDG_04_40(1.0),14-12-2023 11.00,Annual,Reading,Total,Percentage,Serbia,2012,33.1,,
ESTAT:SDG_04_40(1.0),14-12-2023 11.00,Annual,Science,Total,Percentage,Serbia,2012,35,,
ESTAT:SDG_04_40(1.0),14-12-2023 11.00,Annual,Mathematics,Total,Percentage,Serbia,2018,39.7,,
ESTAT:SDG_04_40(1.0),14-12-2023 11.00,Annual,Reading,Total,Percentage,Serbia,2018,37.7,b,
ESTAT:SDG_04_40(1.0),14-12-2023 11.00,Annual,Science,Total,Percentage,Serbia,2018,38.3,,
ESTAT:SDG_04_40(1.0),14-12-2023 11.00,Annual,Mathematics,Total,Percentage,Serbia,2022,43.1,,
ESTAT:SDG_04_40(1.0),14-12-2023 11.00,Annual,Reading,Total,Percentage,Serbia,2022,36.4,,
ESTAT:SDG_04_40(1.0),14-12-2023 11.00,Annual,Science,Total,Percentage,Serbia,2022,35.1,,
ESTAT:SDG_04_40(1.0),14-12-2023 11.00,Annual,Mathematics,Total,Percentage,Slovakia,2003,19.9,,
ESTAT:SDG_04_40(1.0),14-12-2023 11.00,Annual,Reading,Total,Percentage,Slovakia,2003,24.9,,
ESTAT:SDG_04_40(1.0),14-12-2023 11.00,Annual,Mathematics,Total,Percentage,Slovakia,2006,21,,
ESTAT:SDG_04_40(1.0),14-12-2023 11.00,Annual,Reading,Total,Percentage,Slovakia,2006,27.8,,
ESTAT:SDG_04_40(1.0),14-12-2023 11.00,Annual,Science,Total,Percentage,Slovakia,2006,20.2,,
ESTAT:SDG_04_40(1.0),14-12-2023 11.00,Annual,Mathematics,Total,Percentage,Slovakia,2009,21,,
ESTAT:SDG_04_40(1.0),14-12-2023 11.00,Annual,Reading,Total,Percentage,Slovakia,2009,22.2,b,
ESTAT:SDG_04_40(1.0),14-12-2023 11.00,Annual,Science,Total,Percentage,Slovakia,2009,19.3,,
ESTAT:SDG_04_40(1.0),14-12-2023 11.00,Annual,Mathematics,Total,Percentage,Slovakia,2012,27.5,,
ESTAT:SDG_04_40(1.0),14-12-2023 11.00,Annual,Reading,Total,Percentage,Slovakia,2012,28.2,,
ESTAT:SDG_04_40(1.0),14-12-2023 11.00,Annual,Science,Total,Percentage,Slovakia,2012,26.9,,
ESTAT:SDG_04_40(1.0),14-12-2023 11.00,Annual,Mathematics,Total,Percentage,Slovakia,2015,27.7,,
ESTAT:SDG_04_40(1.0),14-12-2023 11.00,Annual,Reading,Total,Percentage,Slovakia,2015,32.1,,
ESTAT:SDG_04_40(1.0),14-12-2023 11.00,Annual,Science,Total,Percentage,Slovakia,2015,30.7,,
ESTAT:SDG_04_40(1.0),14-12-2023 11.00,Annual,Mathematics,Total,Percentage,Slovakia,2018,25.1,,
ESTAT:SDG_04_40(1.0),14-12-2023 11.00,Annual,Reading,Total,Percentage,Slovakia,2018,31.4,b,
ESTAT:SDG_04_40(1.0),14-12-2023 11.00,Annual,Science,Total,Percentage,Slovakia,2018,29.3,,
ESTAT:SDG_04_40(1.0),14-12-2023 11.00,Annual,Mathematics,Total,Percentage,Slovakia,2022,33.2,,
ESTAT:SDG_04_40(1.0),14-12-2023 11.00,Annual,Reading,Total,Percentage,Slovakia,2022,35.4,,
ESTAT:SDG_04_40(1.0),14-12-2023 11.00,Annual,Science,Total,Percentage,Slovakia,2022,30.6,,
ESTAT:SDG_04_40(1.0),14-12-2023 11.00,Annual,Mathematics,Total,Percentage,Slovenia,2006,17.8,,
ESTAT:SDG_04_40(1.0),14-12-2023 11.00,Annual,Reading,Total,Percentage,Slovenia,2006,16.5,,
ESTAT:SDG_04_40(1.0),14-12-2023 11.00,Annual,Science,Total,Percentage,Slovenia,2006,13.9,,
ESTAT:SDG_04_40(1.0),14-12-2023 11.00,Annual,Mathematics,Total,Percentage,Slovenia,2009,20.4,,
ESTAT:SDG_04_40(1.0),14-12-2023 11.00,Annual,Reading,Total,Percentage,Slovenia,2009,21.2,b,
ESTAT:SDG_04_40(1.0),14-12-2023 11.00,Annual,Science,Total,Percentage,Slovenia,2009,14.8,,
ESTAT:SDG_04_40(1.0),14-12-2023 11.00,Annual,Mathematics,Total,Percentage,Slovenia,2012,20.1,,
ESTAT:SDG_04_40(1.0),14-12-2023 11.00,Annual,Reading,Total,Percentage,Slovenia,2012,21.1,,
ESTAT:SDG_04_40(1.0),14-12-2023 11.00,Annual,Science,Total,Percentage,Slovenia,2012,12.9,,
ESTAT:SDG_04_40(1.0),14-12-2023 11.00,Annual,Mathematics,Total,Percentage,Slovenia,2015,16.1,,
ESTAT:SDG_04_40(1.0),14-12-2023 11.00,Annual,Reading,Total,Percentage,Slovenia,2015,15.1,,
ESTAT:SDG_04_40(1.0),14-12-2023 11.00,Annual,Science,Total,Percentage,Slovenia,2015,15,,
ESTAT:SDG_04_40(1.0),14-12-2023 11.00,Annual,Mathematics,Total,Percentage,Slovenia,2018,16.4,,
ESTAT:SDG_04_40(1.0),14-12-2023 11.00,Annual,Reading,Total,Percentage,Slovenia,2018,17.9,b,
ESTAT:SDG_04_40(1.0),14-12-2023 11.00,Annual,Science,Total,Percentage,Slovenia,2018,14.6,,
ESTAT:SDG_04_40(1.0),14-12-2023 11.00,Annual,Mathematics,Total,Percentage,Slovenia,2022,24.6,,
ESTAT:SDG_04_40(1.0),14-12-2023 11.00,Annual,Reading,Total,Percentage,Slovenia,2022,26.1,,
ESTAT:SDG_04_40(1.0),14-12-2023 11.00,Annual,Science,Total,Percentage,Slovenia,2022,17.8,,
ESTAT:SDG_04_40(1.0),14-12-2023 11.00,Annual,Reading,Total,Percentage,South Korea,2000,5.8,,
ESTAT:SDG_04_40(1.0),14-12-2023 11.00,Annual,Mathematics,Total,Percentage,South Korea,2003,9.5,,
ESTAT:SDG_04_40(1.0),14-12-2023 11.00,Annual,Reading,Total,Percentage,South Korea,2003,6.8,,
ESTAT:SDG_04_40(1.0),14-12-2023 11.00,Annual,Mathematics,Total,Percentage,South Korea,2006,8.9,,
ESTAT:SDG_04_40(1.0),14-12-2023 11.00,Annual,Reading,Total,Percentage,South Korea,2006,5.8,,
ESTAT:SDG_04_40(1.0),14-12-2023 11.00,Annual,Science,Total,Percentage,South Korea,2006,11.2,,
ESTAT:SDG_04_40(1.0),14-12-2023 11.00,Annual,Mathematics,Total,Percentage,South Korea,2009,8.1,,
ESTAT:SDG_04_40(1.0),14-12-2023 11.00,Annual,Reading,Total,Percentage,South Korea,2009,5.8,b,
ESTAT:SDG_04_40(1.0),14-12-2023 11.00,Annual,Science,Total,Percentage,South Korea,2009,6.3,,
ESTAT:SDG_04_40(1.0),14-12-2023 11.00,Annual,Mathematics,Total,Percentage,South Korea,2012,9.1,,
ESTAT:SDG_04_40(1.0),14-12-2023 11.00,Annual,Reading,Total,Percentage,South Korea,2012,7.6,,
ESTAT:SDG_04_40(1.0),14-12-2023 11.00,Annual,Science,Total,Percentage,South Korea,2012,6.6,,
ESTAT:SDG_04_40(1.0),14-12-2023 11.00,Annual,Mathematics,Total,Percentage,South Korea,2015,15.5,,
ESTAT:SDG_04_40(1.0),14-12-2023 11.00,Annual,Reading,Total,Percentage,South Korea,2015,13.7,,
ESTAT:SDG_04_40(1.0),14-12-2023 11.00,Annual,Science,Total,Percentage,South Korea,2015,14.4,,
ESTAT:SDG_04_40(1.0),14-12-2023 11.00,Annual,Mathematics,Total,Percentage,South Korea,2018,15,,
ESTAT:SDG_04_40(1.0),14-12-2023 11.00,Annual,Reading,Total,Percentage,South Korea,2018,15.1,b,
ESTAT:SDG_04_40(1.0),14-12-2023 11.00,Annual,Science,Total,Percentage,South Korea,2018,14.2,,
ESTAT:SDG_04_40(1.0),14-12-2023 11.00,Annual,Reading,Total,Percentage,Spain,2000,16.3,,
ESTAT:SDG_04_40(1.0),14-12-2023 11.00,Annual,Mathematics,Total,Percentage,Spain,2003,23,,
ESTAT:SDG_04_40(1.0),14-12-2023 11.00,Annual,Reading,Total,Percentage,Spain,2003,21.1,,
ESTAT:SDG_04_40(1.0),14-12-2023 11.00,Annual,Mathematics,Total,Percentage,Spain,2006,24.8,,
ESTAT:SDG_04_40(1.0),14-12-2023 11.00,Annual,Reading,Total,Percentage,Spain,2006,25.7,,
ESTAT:SDG_04_40(1.0),14-12-2023 11.00,Annual,Science,Total,Percentage,Spain,2006,19.6,,
ESTAT:SDG_04_40(1.0),14-12-2023 11.00,Annual,Mathematics,Total,Percentage,Spain,2009,23.8,,
ESTAT:SDG_04_40(1.0),14-12-2023 11.00,Annual,Reading,Total,Percentage,Spain,2009,19.6,b,
ESTAT:SDG_04_40(1.0),14-12-2023 11.00,Annual,Science,Total,Percentage,Spain,2009,18.2,,
ESTAT:SDG_04_40(1.0),14-12-2023 11.00,Annual,Mathematics,Total,Percentage,Spain,2012,23.6,,
ESTAT:SDG_04_40(1.0),14-12-2023 11.00,Annual,Reading,Total,Percentage,Spain,2012,18.3,,
ESTAT:SDG_04_40(1.0),14-12-2023 11.00,Annual,Science,Total,Percentage,Spain,2012,15.7,,
ESTAT:SDG_04_40(1.0),14-12-2023 11.00,Annual,Mathematics,Total,Percentage,Spain,2015,22.2,,
ESTAT:SDG_04_40(1.0),14-12-2023 11.00,Annual,Reading,Total,Percentage,Spain,2015,16.2,,
ESTAT:SDG_04_40(1.0),14-12-2023 11.00,Annual,Science,Total,Percentage,Spain,2015,18.3,,
ESTAT:SDG_04_40(1.0),14-12-2023 11.00,Annual,Mathematics,Total,Percentage,Spain,2018,24.7,,
ESTAT:SDG_04_40(1.0),14-12-2023 11.00,Annual,Reading,Total,Percentage,Spain,2018,,b,
ESTAT:SDG_04_40(1.0),14-12-2023 11.00,Annual,Science,Total,Percentage,Spain,2018,21.3,,
ESTAT:SDG_04_40(1.0),14-12-2023 11.00,Annual,Mathematics,Total,Percentage,Spain,2022,27.3,,
ESTAT:SDG_04_40(1.0),14-12-2023 11.00,Annual,Reading,Total,Percentage,Spain,2022,24.4,,
ESTAT:SDG_04_40(1.0),14-12-2023 11.00,Annual,Science,Total,Percentage,Spain,2022,21.3,,
ESTAT:SDG_04_40(1.0),14-12-2023 11.00,Annual,Reading,Total,Percentage,Sweden,2000,12.6,,
ESTAT:SDG_04_40(1.0),14-12-2023 11.00,Annual,Mathematics,Total,Percentage,Sweden,2003,17.3,,
ESTAT:SDG_04_40(1.0),14-12-2023 11.00,Annual,Reading,Total,Percentage,Sweden,2003,13.3,,
ESTAT:SDG_04_40(1.0),14-12-2023 11.00,Annual,Mathematics,Total,Percentage,Sweden,2006,18.4,,
ESTAT:SDG_04_40(1.0),14-12-2023 11.00,Annual,Reading,Total,Percentage,Sweden,2006,15.3,,
ESTAT:SDG_04_40(1.0),14-12-2023 11.00,Annual,Science,Total,Percentage,Sweden,2006,16.4,,
ESTAT:SDG_04_40(1.0),14-12-2023 11.00,Annual,Mathematics,Total,Percentage,Sweden,2009,21.1,,
ESTAT:SDG_04_40(1.0),14-12-2023 11.00,Annual,Reading,Total,Percentage,Sweden,2009,17.4,b,
ESTAT:SDG_04_40(1.0),14-12-2023 11.00,Annual,Science,Total,Percentage,Sweden,2009,19.1,,
ESTAT:SDG_04_40(1.0),14-12-2023 11.00,Annual,Mathematics,Total,Percentage,Sweden,2012,27.1,,
ESTAT:SDG_04_40(1.0),14-12-2023 11.00,Annual,Reading,Total,Percentage,Sweden,2012,22.7,,
ESTAT:SDG_04_40(1.0),14-12-2023 11.00,Annual,Science,Total,Percentage,Sweden,2012,22.2,,
ESTAT:SDG_04_40(1.0),14-12-2023 11.00,Annual,Mathematics,Total,Percentage,Sweden,2015,20.8,,
ESTAT:SDG_04_40(1.0),14-12-2023 11.00,Annual,Reading,Total,Percentage,Sweden,2015,18.4,,
ESTAT:SDG_04_40(1.0),14-12-2023 11.00,Annual,Science,Total,Percentage,Sweden,2015,21.6,,
ESTAT:SDG_04_40(1.0),14-12-2023 11.00,Annual,Mathematics,Total,Percentage,Sweden,2018,18.8,,
ESTAT:SDG_04_40(1.0),14-12-2023 11.00,Annual,Reading,Total,Percentage,Sweden,2018,18.4,b,
ESTAT:SDG_04_40(1.0),14-12-2023 11.00,Annual,Science,Total,Percentage,Sweden,2018,19,,
ESTAT:SDG_04_40(1.0),14-12-2023 11.00,Annual,Mathematics,Total,Percentage,Sweden,2022,27.2,,
ESTAT:SDG_04_40(1.0),14-12-2023 11.00,Annual,Reading,Total,Percentage,Sweden,2022,24.3,,
ESTAT:SDG_04_40(1.0),14-12-2023 11.00,Annual,Science,Total,Percentage,Sweden,2022,23.7,,
ESTAT:SDG_04_40(1.0),14-12-2023 11.00,Annual,Reading,Total,Percentage,Switzerland,2000,20.4,,
ESTAT:SDG_04_40(1.0),14-12-2023 11.00,Annual,Mathematics,Total,Percentage,Switzerland,2003,14.5,,
ESTAT:SDG_04_40(1.0),14-12-2023 11.00,Annual,Reading,Total,Percentage,Switzerland,2003,16.7,,
ESTAT:SDG_04_40(1.0),14-12-2023 11.00,Annual,Mathematics,Total,Percentage,Switzerland,2006,13.6,,
ESTAT:SDG_04_40(1.0),14-12-2023 11.00,Annual,Reading,Total,Percentage,Switzerland,2006,16.4,,
ESTAT:SDG_04_40(1.0),14-12-2023 11.00,Annual,Science,Total,Percentage,Switzerland,2006,16.1,,
ESTAT:SDG_04_40(1.0),14-12-2023 11.00,Annual,Mathematics,Total,Percentage,Switzerland,2009,13.5,,
ESTAT:SDG_04_40(1.0),14-12-2023 11.00,Annual,Reading,Total,Percentage,Switzerland,2009,16.8,b,
ESTAT:SDG_04_40(1.0),14-12-2023 11.00,Annual,Science,Total,Percentage,Switzerland,2009,14,,
ESTAT:SDG_04_40(1.0),14-12-2023 11.00,Annual,Mathematics,Total,Percentage,Switzerland,2012,12.4,,
ESTAT:SDG_04_40(1.0),14-12-2023 11.00,Annual,Reading,Total,Percentage,Switzerland,2012,13.7,,
ESTAT:SDG_04_40(1.0),14-12-2023 11.00,Annual,Science,Total,Percentage,Switzerland,2012,12.8,,
ESTAT:SDG_04_40(1.0),14-12-2023 11.00,Annual,Mathematics,Total,Percentage,Switzerland,2015,15.8,,
ESTAT:SDG_04_40(1.0),14-12-2023 11.00,Annual,Reading,Total,Percentage,Switzerland,2015,20,,
ESTAT:SDG_04_40(1.0),14-12-2023 11.00,Annual,Science,Total,Percentage,Switzerland,2015,18.5,,
ESTAT:SDG_04_40(1.0),14-12-2023 11.00,Annual,Mathematics,Total,Percentage,Switzerland,2018,16.8,,
ESTAT:SDG_04_40(1.0),14-12-2023 11.00,Annual,Reading,Total,Percentage,Switzerland,2018,23.6,b,
ESTAT:SDG_04_40(1.0),14-12-2023 11.00,Annual,Science,Total,Percentage,Switzerland,2018,20.2,,
ESTAT:SDG_04_40(1.0),14-12-2023 11.00,Annual,Mathematics,Total,Percentage,Trkiye,2003,52.2,,
ESTAT:SDG_04_40(1.0),14-12-2023 11.00,Annual,Reading,Total,Percentage,Trkiye,2003,36.8,,
ESTAT:SDG_04_40(1.0),14-12-2023 11.00,Annual,Mathematics,Total,Percentage,Trkiye,2006,52.2,,
ESTAT:SDG_04_40(1.0),14-12-2023 11.00,Annual,Reading,Total,Percentage,Trkiye,2006,32.2,,
ESTAT:SDG_04_40(1.0),14-12-2023 11.00,Annual,Science,Total,Percentage,Trkiye,2006,46.6,,
ESTAT:SDG_04_40(1.0),14-12-2023 11.00,Annual,Mathematics,Total,Percentage,Trkiye,2009,42.2,,
ESTAT:SDG_04_40(1.0),14-12-2023 11.00,Annual,Reading,Total,Percentage,Trkiye,2009,24.5,b,
ESTAT:SDG_04_40(1.0),14-12-2023 11.00,Annual,Science,Total,Percentage,Trkiye,2009,30,,
ESTAT:SDG_04_40(1.0),14-12-2023 11.00,Annual,Mathematics,Total,Percentage,Trkiye,2012,42,,
ESTAT:SDG_04_40(1.0),14-12-2023 11.00,Annual,Reading,Total,Percentage,Trkiye,2012,21.6,,
ESTAT:SDG_04_40(1.0),14-12-2023 11.00,Annual,Science,Total,Percentage,Trkiye,2012,26.4,,
ESTAT:SDG_04_40(1.0),14-12-2023 11.00,Annual,Mathematics,Total,Percentage,Trkiye,2015,51.4,,
ESTAT:SDG_04_40(1.0),14-12-2023 11.00,Annual,Reading,Total,Percentage,Trkiye,2015,40,,
ESTAT:SDG_04_40(1.0),14-12-2023 11.00,Annual,Science,Total,Percentage,Trkiye,2015,44.5,,
ESTAT:SDG_04_40(1.0),14-12-2023 11.00,Annual,Mathematics,Total,Percentage,Trkiye,2018,36.7,,
ESTAT:SDG_04_40(1.0),14-12-2023 11.00,Annual,Reading,Total,Percentage,Trkiye,2018,26.1,b,
ESTAT:SDG_04_40(1.0),14-12-2023 11.00,Annual,Science,Total,Percentage,Trkiye,2018,25.2,,
ESTAT:SDG_04_40(1.0),14-12-2023 11.00,Annual,Mathematics,Total,Percentage,Trkiye,2022,38.7,,
ESTAT:SDG_04_40(1.0),14-12-2023 11.00,Annual,Reading,Total,Percentage,Trkiye,2022,29.3,,
ESTAT:SDG_04_40(1.0),14-12-2023 11.00,Annual,Science,Total,Percentage,Trkiye,2022,24.7,,
ESTAT:SDG_04_40(1.0),14-12-2023 11.00,Annual,Mathematics,Total,Percentage,United Kingdom,2006,19.9,,
ESTAT:SDG_04_40(1.0),14-12-2023 11.00,Annual,Reading,Total,Percentage,United Kingdom,2006,19,,
ESTAT:SDG_04_40(1.0),14-12-2023 11.00,Annual,Science,Total,Percentage,United Kingdom,2006,16.7,,
ESTAT:SDG_04_40(1.0),14-12-2023 11.00,Annual,Mathematics,Total,Percentage,United Kingdom,2009,20.2,,
ESTAT:SDG_04_40(1.0),14-12-2023 11.00,Annual,Reading,Total,Percentage,United Kingdom,2009,18.4,b,
ESTAT:SDG_04_40(1.0),14-12-2023 11.00,Annual,Science,Total,Percentage,United Kingdom,2009,15,,
ESTAT:SDG_04_40(1.0),14-12-2023 11.00,Annual,Mathematics,Total,Percentage,United Kingdom,2012,21.8,,
ESTAT:SDG_04_40(1.0),14-12-2023 11.00,Annual,Reading,Total,Percentage,United Kingdom,2012,16.6,,
ESTAT:SDG_04_40(1.0),14-12-2023 11.00,Annual,Science,Total,Percentage,United Kingdom,2012,15,,
ESTAT:SDG_04_40(1.0),14-12-2023 11.00,Annual,Mathematics,Total,Percentage,United Kingdom,2015,21.9,,
ESTAT:SDG_04_40(1.0),14-12-2023 11.00,Annual,Reading,Total,Percentage,United Kingdom,2015,17.9,,
ESTAT:SDG_04_40(1.0),14-12-2023 11.00,Annual,Science,Total,Percentage,United Kingdom,2015,17.4,,
ESTAT:SDG_04_40(1.0),14-12-2023 11.00,Annual,Mathematics,Total,Percentage,United Kingdom,2018,19.2,,
ESTAT:SDG_04_40(1.0),14-12-2023 11.00,Annual,Reading,Total,Percentage,United Kingdom,2018,17.3,b,
ESTAT:SDG_04_40(1.0),14-12-2023 11.00,Annual,Science,Total,Percentage,United Kingdom,2018,17.4,,
ESTAT:SDG_04_40(1.0),14-12-2023 11.00,Annual,Reading,Total,Percentage,United States,2000,17.9,,
ESTAT:SDG_04_40(1.0),14-12-2023 11.00,Annual,Mathematics,Total,Percentage,United States,2003,25.7,,
ESTAT:SDG_04_40(1.0),14-12-2023 11.00,Annual,Reading,Total,Percentage,United States,2003,19.4,,
ESTAT:SDG_04_40(1.0),14-12-2023 11.00,Annual,Mathematics,Total,Percentage,United States,2006,28.2,,
ESTAT:SDG_04_40(1.0),14-12-2023 11.00,Annual,Science,Total,Percentage,United States,2006,24.4,,
ESTAT:SDG_04_40(1.0),14-12-2023 11.00,Annual,Mathematics,Total,Percentage,United States,2009,23.4,,
ESTAT:SDG_04_40(1.0),14-12-2023 11.00,Annual,Reading,Total,Percentage,United States,2009,17.6,b,
ESTAT:SDG_04_40(1.0),14-12-2023 11.00,Annual,Science,Total,Percentage,United States,2009,18.1,,
ESTAT:SDG_04_40(1.0),14-12-2023 11.00,Annual,Mathematics,Total,Percentage,United States,2012,25.8,,
ESTAT:SDG_04_40(1.0),14-12-2023 11.00,Annual,Reading,Total,Percentage,United States,2012,16.6,,
ESTAT:SDG_04_40(1.0),14-12-2023 11.00,Annual,Science,Total,Percentage,United States,2012,18.1,,
ESTAT:SDG_04_40(1.0),14-12-2023 11.00,Annual,Mathematics,Total,Percentage,United States,2015,29.4,,
ESTAT:SDG_04_40(1.0),14-12-2023 11.00,Annual,Reading,Total,Percentage,United States,2015,19,,
ESTAT:SDG_04_40(1.0),14-12-2023 11.00,Annual,Science,Total,Percentage,United States,2015,20.3,,
ESTAT:SDG_04_40(1.0),14-12-2023 11.00,Annual,Mathematics,Total,Percentage,United States,2018,27.1,,
ESTAT:SDG_04_40(1.0),14-12-2023 11.00,Annual,Reading,Total,Percentage,United States,2018,19.3,b,
ESTAT:SDG_04_40(1.0),14-12-2023 11.00,Annual,Science,Total,Percentage,United States,2018,18.6,,
ESTAT:SDG_04_40(1.0),14-12-2023 11.00,Annual,Mathematics,Total,Percentage,United States,2022,33.9,,
ESTAT:SDG_04_40(1.0),14-12-2023 11.00,Annual,Reading,Total,Percentage,United States,2022,20.1,,
ESTAT:SDG_04_40(1.0),14-12-2023 11.00,Annual,Science,Total,Percentage,United States,2022,21.9,,
